arquivo,rotulos_aceitos,observacao
n01440764_01.JPEG,tench,Imagenette val/n01440764/ILSVRC2012_val_00009111.JPEG
n01440764_02.JPEG,tench,Imagenette val/n01440764/ILSVRC2012_val_00009191.JPEG
n01440764_03.JPEG,tench,Imagenette val/n01440764/ILSVRC2012_val_00017472.JPEG
n01440764_04.JPEG,tench,Imagenette val/n01440764/ILSVRC2012_val_00017700.JPEG
n01440764_05.JPEG,tench,Imagenette val/n01440764/ILSVRC2012_val_00021740.JPEG
n01440764_06.JPEG,tench,Imagenette val/n01440764/ILSVRC2012_val_00029930.JPEG
n01440764_07.JPEG,tench,Imagenette val/n01440764/ILSVRC2012_val_00030740.JPEG
n01440764_08.JPEG,tench,Imagenette val/n01440764/ILSVRC2012_val_00037861.JPEG
n01440764_09.JPEG,tench,Imagenette val/n01440764/ILSVRC2012_val_00045880.JPEG
n01440764_10.JPEG,tench,Imagenette val/n01440764/ILSVRC2012_val_00046252.JPEG
n01440764_11.JPEG,tench,Imagenette val/n01440764/n01440764_10040.JPEG
n01440764_12.JPEG,tench,Imagenette val/n01440764/n01440764_10042.JPEG
n01440764_13.JPEG,tench,Imagenette val/n01440764/n01440764_10110.JPEG
n01440764_14.JPEG,tench,Imagenette val/n01440764/n01440764_10120.JPEG
n01440764_15.JPEG,tench,Imagenette val/n01440764/n01440764_10150.JPEG
n01440764_16.JPEG,tench,Imagenette val/n01440764/n01440764_10162.JPEG
n01440764_17.JPEG,tench,Imagenette val/n01440764/n01440764_10211.JPEG
n01440764_18.JPEG,tench,Imagenette val/n01440764/n01440764_10251.JPEG
n01440764_19.JPEG,tench,Imagenette val/n01440764/n01440764_10281.JPEG
n01440764_20.JPEG,tench,Imagenette val/n01440764/n01440764_10290.JPEG
n01440764_21.JPEG,tench,Imagenette val/n01440764/n01440764_10320.JPEG
n01440764_22.JPEG,tench,Imagenette val/n01440764/n01440764_10331.JPEG
n01440764_23.JPEG,tench,Imagenette val/n01440764/n01440764_10342.JPEG
n01440764_24.JPEG,tench,Imagenette val/n01440764/n01440764_10361.JPEG
n01440764_25.JPEG,tench,Imagenette val/n01440764/n01440764_10380.JPEG
n01440764_26.JPEG,tench,Imagenette val/n01440764/n01440764_10382.JPEG
n01440764_27.JPEG,tench,Imagenette val/n01440764/n01440764_10410.JPEG
n01440764_28.JPEG,tench,Imagenette val/n01440764/n01440764_10462.JPEG
n01440764_29.JPEG,tench,Imagenette val/n01440764/n01440764_10470.JPEG
n01440764_30.JPEG,tench,Imagenette val/n01440764/n01440764_10482.JPEG
n01440764_31.JPEG,tench,Imagenette val/n01440764/n01440764_10491.JPEG
n01440764_32.JPEG,tench,Imagenette val/n01440764/n01440764_10531.JPEG
n01440764_33.JPEG,tench,Imagenette val/n01440764/n01440764_10542.JPEG
n01440764_34.JPEG,tench,Imagenette val/n01440764/n01440764_10550.JPEG
n01440764_35.JPEG,tench,Imagenette val/n01440764/n01440764_10592.JPEG
n01440764_36.JPEG,tench,Imagenette val/n01440764/n01440764_10740.JPEG
n01440764_37.JPEG,tench,Imagenette val/n01440764/n01440764_10792.JPEG
n01440764_38.JPEG,tench,Imagenette val/n01440764/n01440764_10812.JPEG
n01440764_39.JPEG,tench,Imagenette val/n01440764/n01440764_10822.JPEG
n01440764_40.JPEG,tench,Imagenette val/n01440764/n01440764_10852.JPEG
n01440764_41.JPEG,tench,Imagenette val/n01440764/n01440764_1091.JPEG
n01440764_42.JPEG,tench,Imagenette val/n01440764/n01440764_10910.JPEG
n01440764_43.JPEG,tench,Imagenette val/n01440764/n01440764_11011.JPEG
n01440764_44.JPEG,tench,Imagenette val/n01440764/n01440764_11151.JPEG
n01440764_45.JPEG,tench,Imagenette val/n01440764/n01440764_11170.JPEG
n01440764_46.JPEG,tench,Imagenette val/n01440764/n01440764_11190.JPEG
n01440764_47.JPEG,tench,Imagenette val/n01440764/n01440764_11211.JPEG
n01440764_48.JPEG,tench,Imagenette val/n01440764/n01440764_11281.JPEG
n01440764_49.JPEG,tench,Imagenette val/n01440764/n01440764_11331.JPEG
n01440764_50.JPEG,tench,Imagenette val/n01440764/n01440764_11350.JPEG
n01440764_51.JPEG,tench,Imagenette val/n01440764/n01440764_11400.JPEG
n01440764_52.JPEG,tench,Imagenette val/n01440764/n01440764_1141.JPEG
n01440764_53.JPEG,tench,Imagenette val/n01440764/n01440764_11420.JPEG
n01440764_54.JPEG,tench,Imagenette val/n01440764/n01440764_11570.JPEG
n01440764_55.JPEG,tench,Imagenette val/n01440764/n01440764_11590.JPEG
n01440764_56.JPEG,tench,Imagenette val/n01440764/n01440764_11602.JPEG
n01440764_57.JPEG,tench,Imagenette val/n01440764/n01440764_11612.JPEG
n01440764_58.JPEG,tench,Imagenette val/n01440764/n01440764_11650.JPEG
n01440764_59.JPEG,tench,Imagenette val/n01440764/n01440764_11652.JPEG
n01440764_60.JPEG,tench,Imagenette val/n01440764/n01440764_11750.JPEG
n01440764_61.JPEG,tench,Imagenette val/n01440764/n01440764_11762.JPEG
n01440764_62.JPEG,tench,Imagenette val/n01440764/n01440764_11830.JPEG
n01440764_63.JPEG,tench,Imagenette val/n01440764/n01440764_11841.JPEG
n01440764_64.JPEG,tench,Imagenette val/n01440764/n01440764_11881.JPEG
n01440764_65.JPEG,tench,Imagenette val/n01440764/n01440764_11930.JPEG
n01440764_66.JPEG,tench,Imagenette val/n01440764/n01440764_11972.JPEG
n01440764_67.JPEG,tench,Imagenette val/n01440764/n01440764_12021.JPEG
n01440764_68.JPEG,tench,Imagenette val/n01440764/n01440764_12040.JPEG
n01440764_69.JPEG,tench,Imagenette val/n01440764/n01440764_12090.JPEG
n01440764_70.JPEG,tench,Imagenette val/n01440764/n01440764_12100.JPEG
n01440764_71.JPEG,tench,Imagenette val/n01440764/n01440764_12111.JPEG
n01440764_72.JPEG,tench,Imagenette val/n01440764/n01440764_12131.JPEG
n01440764_73.JPEG,tench,Imagenette val/n01440764/n01440764_12151.JPEG
n01440764_74.JPEG,tench,Imagenette val/n01440764/n01440764_12182.JPEG
n01440764_75.JPEG,tench,Imagenette val/n01440764/n01440764_12211.JPEG
n01440764_76.JPEG,tench,Imagenette val/n01440764/n01440764_12241.JPEG
n01440764_77.JPEG,tench,Imagenette val/n01440764/n01440764_12250.JPEG
n01440764_78.JPEG,tench,Imagenette val/n01440764/n01440764_12291.JPEG
n01440764_79.JPEG,tench,Imagenette val/n01440764/n01440764_1232.JPEG
n01440764_80.JPEG,tench,Imagenette val/n01440764/n01440764_12362.JPEG
n01440764_81.JPEG,tench,Imagenette val/n01440764/n01440764_12502.JPEG
n01440764_82.JPEG,tench,Imagenette val/n01440764/n01440764_12571.JPEG
n01440764_83.JPEG,tench,Imagenette val/n01440764/n01440764_12572.JPEG
n01440764_84.JPEG,tench,Imagenette val/n01440764/n01440764_12620.JPEG
n01440764_85.JPEG,tench,Imagenette val/n01440764/n01440764_12632.JPEG
n01440764_86.JPEG,tench,Imagenette val/n01440764/n01440764_12702.JPEG
n01440764_87.JPEG,tench,Imagenette val/n01440764/n01440764_1272.JPEG
n01440764_88.JPEG,tench,Imagenette val/n01440764/n01440764_12732.JPEG
n01440764_89.JPEG,tench,Imagenette val/n01440764/n01440764_12881.JPEG
n01440764_90.JPEG,tench,Imagenette val/n01440764/n01440764_12950.JPEG
n01440764_91.JPEG,tench,Imagenette val/n01440764/n01440764_12971.JPEG
n01440764_92.JPEG,tench,Imagenette val/n01440764/n01440764_12972.JPEG
n01440764_93.JPEG,tench,Imagenette val/n01440764/n01440764_1302.JPEG
n01440764_94.JPEG,tench,Imagenette val/n01440764/n01440764_13051.JPEG
n01440764_95.JPEG,tench,Imagenette val/n01440764/n01440764_1310.JPEG
n01440764_96.JPEG,tench,Imagenette val/n01440764/n01440764_13122.JPEG
n01440764_97.JPEG,tench,Imagenette val/n01440764/n01440764_13161.JPEG
n01440764_98.JPEG,tench,Imagenette val/n01440764/n01440764_13251.JPEG
n01440764_99.JPEG,tench,Imagenette val/n01440764/n01440764_13360.JPEG
n01440764_100.JPEG,tench,Imagenette val/n01440764/n01440764_13452.JPEG
n02102040_01.JPEG,English_springer,Imagenette val/n02102040/ILSVRC2012_val_00004650.JPEG
n02102040_02.JPEG,English_springer,Imagenette val/n02102040/ILSVRC2012_val_00007032.JPEG
n02102040_03.JPEG,English_springer,Imagenette val/n02102040/ILSVRC2012_val_00008162.JPEG
n02102040_04.JPEG,English_springer,Imagenette val/n02102040/ILSVRC2012_val_00014280.JPEG
n02102040_05.JPEG,English_springer,Imagenette val/n02102040/ILSVRC2012_val_00016582.JPEG
n02102040_06.JPEG,English_springer,Imagenette val/n02102040/ILSVRC2012_val_00017370.JPEG
n02102040_07.JPEG,English_springer,Imagenette val/n02102040/ILSVRC2012_val_00022412.JPEG
n02102040_08.JPEG,English_springer,Imagenette val/n02102040/ILSVRC2012_val_00023242.JPEG
n02102040_09.JPEG,English_springer,Imagenette val/n02102040/ILSVRC2012_val_00023440.JPEG
n02102040_10.JPEG,English_springer,Imagenette val/n02102040/ILSVRC2012_val_00025442.JPEG
n02102040_11.JPEG,English_springer,Imagenette val/n02102040/ILSVRC2012_val_00026521.JPEG
n02102040_12.JPEG,English_springer,Imagenette val/n02102040/ILSVRC2012_val_00027182.JPEG
n02102040_13.JPEG,English_springer,Imagenette val/n02102040/ILSVRC2012_val_00036282.JPEG
n02102040_14.JPEG,English_springer,Imagenette val/n02102040/ILSVRC2012_val_00037182.JPEG
n02102040_15.JPEG,English_springer,Imagenette val/n02102040/ILSVRC2012_val_00040140.JPEG
n02102040_16.JPEG,English_springer,Imagenette val/n02102040/n02102040_1011.JPEG
n02102040_17.JPEG,English_springer,Imagenette val/n02102040/n02102040_1022.JPEG
n02102040_18.JPEG,English_springer,Imagenette val/n02102040/n02102040_1030.JPEG
n02102040_19.JPEG,English_springer,Imagenette val/n02102040/n02102040_1081.JPEG
n02102040_20.JPEG,English_springer,Imagenette val/n02102040/n02102040_1082.JPEG
n02102040_21.JPEG,English_springer,Imagenette val/n02102040/n02102040_1091.JPEG
n02102040_22.JPEG,English_springer,Imagenette val/n02102040/n02102040_1092.JPEG
n02102040_23.JPEG,English_springer,Imagenette val/n02102040/n02102040_1100.JPEG
n02102040_24.JPEG,English_springer,Imagenette val/n02102040/n02102040_1102.JPEG
n02102040_25.JPEG,English_springer,Imagenette val/n02102040/n02102040_1110.JPEG
n02102040_26.JPEG,English_springer,Imagenette val/n02102040/n02102040_1112.JPEG
n02102040_27.JPEG,English_springer,Imagenette val/n02102040/n02102040_1121.JPEG
n02102040_28.JPEG,English_springer,Imagenette val/n02102040/n02102040_1122.JPEG
n02102040_29.JPEG,English_springer,Imagenette val/n02102040/n02102040_1130.JPEG
n02102040_30.JPEG,English_springer,Imagenette val/n02102040/n02102040_1151.JPEG
n02102040_31.JPEG,English_springer,Imagenette val/n02102040/n02102040_1160.JPEG
n02102040_32.JPEG,English_springer,Imagenette val/n02102040/n02102040_1172.JPEG
n02102040_33.JPEG,English_springer,Imagenette val/n02102040/n02102040_1181.JPEG
n02102040_34.JPEG,English_springer,Imagenette val/n02102040/n02102040_1200.JPEG
n02102040_35.JPEG,English_springer,Imagenette val/n02102040/n02102040_1201.JPEG
n02102040_36.JPEG,English_springer,Imagenette val/n02102040/n02102040_1210.JPEG
n02102040_37.JPEG,English_springer,Imagenette val/n02102040/n02102040_1222.JPEG
n02102040_38.JPEG,English_springer,Imagenette val/n02102040/n02102040_1230.JPEG
n02102040_39.JPEG,English_springer,Imagenette val/n02102040/n02102040_1241.JPEG
n02102040_40.JPEG,English_springer,Imagenette val/n02102040/n02102040_1252.JPEG
n02102040_41.JPEG,English_springer,Imagenette val/n02102040/n02102040_1260.JPEG
n02102040_42.JPEG,English_springer,Imagenette val/n02102040/n02102040_1261.JPEG
n02102040_43.JPEG,English_springer,Imagenette val/n02102040/n02102040_1272.JPEG
n02102040_44.JPEG,English_springer,Imagenette val/n02102040/n02102040_1292.JPEG
n02102040_45.JPEG,English_springer,Imagenette val/n02102040/n02102040_1300.JPEG
n02102040_46.JPEG,English_springer,Imagenette val/n02102040/n02102040_1301.JPEG
n02102040_47.JPEG,English_springer,Imagenette val/n02102040/n02102040_1302.JPEG
n02102040_48.JPEG,English_springer,Imagenette val/n02102040/n02102040_1310.JPEG
n02102040_49.JPEG,English_springer,Imagenette val/n02102040/n02102040_132.JPEG
n02102040_50.JPEG,English_springer,Imagenette val/n02102040/n02102040_142.JPEG
n02102040_51.JPEG,English_springer,Imagenette val/n02102040/n02102040_1430.JPEG
n02102040_52.JPEG,English_springer,Imagenette val/n02102040/n02102040_1442.JPEG
n02102040_53.JPEG,English_springer,Imagenette val/n02102040/n02102040_1450.JPEG
n02102040_54.JPEG,English_springer,Imagenette val/n02102040/n02102040_150.JPEG
n02102040_55.JPEG,English_springer,Imagenette val/n02102040/n02102040_1512.JPEG
n02102040_56.JPEG,English_springer,Imagenette val/n02102040/n02102040_1552.JPEG
n02102040_57.JPEG,English_springer,Imagenette val/n02102040/n02102040_1590.JPEG
n02102040_58.JPEG,English_springer,Imagenette val/n02102040/n02102040_1592.JPEG
n02102040_59.JPEG,English_springer,Imagenette val/n02102040/n02102040_1612.JPEG
n02102040_60.JPEG,English_springer,Imagenette val/n02102040/n02102040_1620.JPEG
n02102040_61.JPEG,English_springer,Imagenette val/n02102040/n02102040_1632.JPEG
n02102040_62.JPEG,English_springer,Imagenette val/n02102040/n02102040_1642.JPEG
n02102040_63.JPEG,English_springer,Imagenette val/n02102040/n02102040_1660.JPEG
n02102040_64.JPEG,English_springer,Imagenette val/n02102040/n02102040_171.JPEG
n02102040_65.JPEG,English_springer,Imagenette val/n02102040/n02102040_1720.JPEG
n02102040_66.JPEG,English_springer,Imagenette val/n02102040/n02102040_1740.JPEG
n02102040_67.JPEG,English_springer,Imagenette val/n02102040/n02102040_1760.JPEG
n02102040_68.JPEG,English_springer,Imagenette val/n02102040/n02102040_1770.JPEG
n02102040_69.JPEG,English_springer,Imagenette val/n02102040/n02102040_1771.JPEG
n02102040_70.JPEG,English_springer,Imagenette val/n02102040/n02102040_1781.JPEG
n02102040_71.JPEG,English_springer,Imagenette val/n02102040/n02102040_1782.JPEG
n02102040_72.JPEG,English_springer,Imagenette val/n02102040/n02102040_1791.JPEG
n02102040_73.JPEG,English_springer,Imagenette val/n02102040/n02102040_182.JPEG
n02102040_74.JPEG,English_springer,Imagenette val/n02102040/n02102040_1822.JPEG
n02102040_75.JPEG,English_springer,Imagenette val/n02102040/n02102040_1830.JPEG
n02102040_76.JPEG,English_springer,Imagenette val/n02102040/n02102040_1840.JPEG
n02102040_77.JPEG,English_springer,Imagenette val/n02102040/n02102040_1841.JPEG
n02102040_78.JPEG,English_springer,Imagenette val/n02102040/n02102040_1842.JPEG
n02102040_79.JPEG,English_springer,Imagenette val/n02102040/n02102040_1870.JPEG
n02102040_80.JPEG,English_springer,Imagenette val/n02102040/n02102040_1910.JPEG
n02102040_81.JPEG,English_springer,Imagenette val/n02102040/n02102040_1961.JPEG
n02102040_82.JPEG,English_springer,Imagenette val/n02102040/n02102040_1980.JPEG
n02102040_83.JPEG,English_springer,Imagenette val/n02102040/n02102040_2000.JPEG
n02102040_84.JPEG,English_springer,Imagenette val/n02102040/n02102040_201.JPEG
n02102040_85.JPEG,English_springer,Imagenette val/n02102040/n02102040_202.JPEG
n02102040_86.JPEG,English_springer,Imagenette val/n02102040/n02102040_2021.JPEG
n02102040_87.JPEG,English_springer,Imagenette val/n02102040/n02102040_2032.JPEG
n02102040_88.JPEG,English_springer,Imagenette val/n02102040/n02102040_2051.JPEG
n02102040_89.JPEG,English_springer,Imagenette val/n02102040/n02102040_2082.JPEG
n02102040_90.JPEG,English_springer,Imagenette val/n02102040/n02102040_2102.JPEG
n02102040_91.JPEG,English_springer,Imagenette val/n02102040/n02102040_2110.JPEG
n02102040_92.JPEG,English_springer,Imagenette val/n02102040/n02102040_2111.JPEG
n02102040_93.JPEG,English_springer,Imagenette val/n02102040/n02102040_2112.JPEG
n02102040_94.JPEG,English_springer,Imagenette val/n02102040/n02102040_2122.JPEG
n02102040_95.JPEG,English_springer,Imagenette val/n02102040/n02102040_2142.JPEG
n02102040_96.JPEG,English_springer,Imagenette val/n02102040/n02102040_2280.JPEG
n02102040_97.JPEG,English_springer,Imagenette val/n02102040/n02102040_2302.JPEG
n02102040_98.JPEG,English_springer,Imagenette val/n02102040/n02102040_2312.JPEG
n02102040_99.JPEG,English_springer,Imagenette val/n02102040/n02102040_2321.JPEG
n02102040_100.JPEG,English_springer,Imagenette val/n02102040/n02102040_2340.JPEG
n02979186_01.JPEG,cassette_player|tape_player,Imagenette val/n02979186/ILSVRC2012_val_00008651.JPEG
n02979186_02.JPEG,cassette_player|tape_player,Imagenette val/n02979186/ILSVRC2012_val_00020400.JPEG
n02979186_03.JPEG,cassette_player|tape_player,Imagenette val/n02979186/ILSVRC2012_val_00028911.JPEG
n02979186_04.JPEG,cassette_player|tape_player,Imagenette val/n02979186/ILSVRC2012_val_00035160.JPEG
n02979186_05.JPEG,cassette_player|tape_player,Imagenette val/n02979186/ILSVRC2012_val_00035482.JPEG
n02979186_06.JPEG,cassette_player|tape_player,Imagenette val/n02979186/ILSVRC2012_val_00035751.JPEG
n02979186_07.JPEG,cassette_player|tape_player,Imagenette val/n02979186/ILSVRC2012_val_00042482.JPEG
n02979186_08.JPEG,cassette_player|tape_player,Imagenette val/n02979186/ILSVRC2012_val_00042982.JPEG
n02979186_09.JPEG,cassette_player|tape_player,Imagenette val/n02979186/ILSVRC2012_val_00043121.JPEG
n02979186_10.JPEG,cassette_player|tape_player,Imagenette val/n02979186/ILSVRC2012_val_00043731.JPEG
n02979186_11.JPEG,cassette_player|tape_player,Imagenette val/n02979186/ILSVRC2012_val_00045110.JPEG
n02979186_12.JPEG,cassette_player|tape_player,Imagenette val/n02979186/n02979186_10041.JPEG
n02979186_13.JPEG,cassette_player|tape_player,Imagenette val/n02979186/n02979186_10111.JPEG
n02979186_14.JPEG,cassette_player|tape_player,Imagenette val/n02979186/n02979186_10151.JPEG
n02979186_15.JPEG,cassette_player|tape_player,Imagenette val/n02979186/n02979186_10200.JPEG
n02979186_16.JPEG,cassette_player|tape_player,Imagenette val/n02979186/n02979186_10211.JPEG
n02979186_17.JPEG,cassette_player|tape_player,Imagenette val/n02979186/n02979186_10230.JPEG
n02979186_18.JPEG,cassette_player|tape_player,Imagenette val/n02979186/n02979186_10232.JPEG
n02979186_19.JPEG,cassette_player|tape_player,Imagenette val/n02979186/n02979186_10250.JPEG
n02979186_20.JPEG,cassette_player|tape_player,Imagenette val/n02979186/n02979186_10271.JPEG
n02979186_21.JPEG,cassette_player|tape_player,Imagenette val/n02979186/n02979186_10341.JPEG
n02979186_22.JPEG,cassette_player|tape_player,Imagenette val/n02979186/n02979186_10402.JPEG
n02979186_23.JPEG,cassette_player|tape_player,Imagenette val/n02979186/n02979186_10532.JPEG
n02979186_24.JPEG,cassette_player|tape_player,Imagenette val/n02979186/n02979186_10591.JPEG
n02979186_25.JPEG,cassette_player|tape_player,Imagenette val/n02979186/n02979186_1061.JPEG
n02979186_26.JPEG,cassette_player|tape_player,Imagenette val/n02979186/n02979186_10612.JPEG
n02979186_27.JPEG,cassette_player|tape_player,Imagenette val/n02979186/n02979186_10670.JPEG
n02979186_28.JPEG,cassette_player|tape_player,Imagenette val/n02979186/n02979186_10691.JPEG
n02979186_29.JPEG,cassette_player|tape_player,Imagenette val/n02979186/n02979186_10751.JPEG
n02979186_30.JPEG,cassette_player|tape_player,Imagenette val/n02979186/n02979186_10870.JPEG
n02979186_31.JPEG,cassette_player|tape_player,Imagenette val/n02979186/n02979186_10912.JPEG
n02979186_32.JPEG,cassette_player|tape_player,Imagenette val/n02979186/n02979186_10930.JPEG
n02979186_33.JPEG,cassette_player|tape_player,Imagenette val/n02979186/n02979186_11.JPEG
n02979186_34.JPEG,cassette_player|tape_player,Imagenette val/n02979186/n02979186_11000.JPEG
n02979186_35.JPEG,cassette_player|tape_player,Imagenette val/n02979186/n02979186_11052.JPEG
n02979186_36.JPEG,cassette_player|tape_player,Imagenette val/n02979186/n02979186_11120.JPEG
n02979186_37.JPEG,cassette_player|tape_player,Imagenette val/n02979186/n02979186_11122.JPEG
n02979186_38.JPEG,cassette_player|tape_player,Imagenette val/n02979186/n02979186_11151.JPEG
n02979186_39.JPEG,cassette_player|tape_player,Imagenette val/n02979186/n02979186_11372.JPEG
n02979186_40.JPEG,cassette_player|tape_player,Imagenette val/n02979186/n02979186_11410.JPEG
n02979186_41.JPEG,cassette_player|tape_player,Imagenette val/n02979186/n02979186_11481.JPEG
n02979186_42.JPEG,cassette_player|tape_player,Imagenette val/n02979186/n02979186_11550.JPEG
n02979186_43.JPEG,cassette_player|tape_player,Imagenette val/n02979186/n02979186_11670.JPEG
n02979186_44.JPEG,cassette_player|tape_player,Imagenette val/n02979186/n02979186_1171.JPEG
n02979186_45.JPEG,cassette_player|tape_player,Imagenette val/n02979186/n02979186_11782.JPEG
n02979186_46.JPEG,cassette_player|tape_player,Imagenette val/n02979186/n02979186_11790.JPEG
n02979186_47.JPEG,cassette_player|tape_player,Imagenette val/n02979186/n02979186_11861.JPEG
n02979186_48.JPEG,cassette_player|tape_player,Imagenette val/n02979186/n02979186_11871.JPEG
n02979186_49.JPEG,cassette_player|tape_player,Imagenette val/n02979186/n02979186_11881.JPEG
n02979186_50.JPEG,cassette_player|tape_player,Imagenette val/n02979186/n02979186_11971.JPEG
n02979186_51.JPEG,cassette_player|tape_player,Imagenette val/n02979186/n02979186_1200.JPEG
n02979186_52.JPEG,cassette_player|tape_player,Imagenette val/n02979186/n02979186_12060.JPEG
n02979186_53.JPEG,cassette_player|tape_player,Imagenette val/n02979186/n02979186_12072.JPEG
n02979186_54.JPEG,cassette_player|tape_player,Imagenette val/n02979186/n02979186_12092.JPEG
n02979186_55.JPEG,cassette_player|tape_player,Imagenette val/n02979186/n02979186_12101.JPEG
n02979186_56.JPEG,cassette_player|tape_player,Imagenette val/n02979186/n02979186_12122.JPEG
n02979186_57.JPEG,cassette_player|tape_player,Imagenette val/n02979186/n02979186_12140.JPEG
n02979186_58.JPEG,cassette_player|tape_player,Imagenette val/n02979186/n02979186_12172.JPEG
n02979186_59.JPEG,cassette_player|tape_player,Imagenette val/n02979186/n02979186_12260.JPEG
n02979186_60.JPEG,cassette_player|tape_player,Imagenette val/n02979186/n02979186_12590.JPEG
n02979186_61.JPEG,cassette_player|tape_player,Imagenette val/n02979186/n02979186_12681.JPEG
n02979186_62.JPEG,cassette_player|tape_player,Imagenette val/n02979186/n02979186_1281.JPEG
n02979186_63.JPEG,cassette_player|tape_player,Imagenette val/n02979186/n02979186_12822.JPEG
n02979186_64.JPEG,cassette_player|tape_player,Imagenette val/n02979186/n02979186_12962.JPEG
n02979186_65.JPEG,cassette_player|tape_player,Imagenette val/n02979186/n02979186_1300.JPEG
n02979186_66.JPEG,cassette_player|tape_player,Imagenette val/n02979186/n02979186_13061.JPEG
n02979186_67.JPEG,cassette_player|tape_player,Imagenette val/n02979186/n02979186_13231.JPEG
n02979186_68.JPEG,cassette_player|tape_player,Imagenette val/n02979186/n02979186_13250.JPEG
n02979186_69.JPEG,cassette_player|tape_player,Imagenette val/n02979186/n02979186_13280.JPEG
n02979186_70.JPEG,cassette_player|tape_player,Imagenette val/n02979186/n02979186_13281.JPEG
n02979186_71.JPEG,cassette_player|tape_player,Imagenette val/n02979186/n02979186_13442.JPEG
n02979186_72.JPEG,cassette_player|tape_player,Imagenette val/n02979186/n02979186_13502.JPEG
n02979186_73.JPEG,cassette_player|tape_player,Imagenette val/n02979186/n02979186_13510.JPEG
n02979186_74.JPEG,cassette_player|tape_player,Imagenette val/n02979186/n02979186_13572.JPEG
n02979186_75.JPEG,cassette_player|tape_player,Imagenette val/n02979186/n02979186_13661.JPEG
n02979186_76.JPEG,cassette_player|tape_player,Imagenette val/n02979186/n02979186_13701.JPEG
n02979186_77.JPEG,cassette_player|tape_player,Imagenette val/n02979186/n02979186_13722.JPEG
n02979186_78.JPEG,cassette_player|tape_player,Imagenette val/n02979186/n02979186_13740.JPEG
n02979186_79.JPEG,cassette_player|tape_player,Imagenette val/n02979186/n02979186_13742.JPEG
n02979186_80.JPEG,cassette_player|tape_player,Imagenette val/n02979186/n02979186_1381.JPEG
n02979186_81.JPEG,cassette_player|tape_player,Imagenette val/n02979186/n02979186_13841.JPEG
n02979186_82.JPEG,cassette_player|tape_player,Imagenette val/n02979186/n02979186_13851.JPEG
n02979186_83.JPEG,cassette_player|tape_player,Imagenette val/n02979186/n02979186_13902.JPEG
n02979186_84.JPEG,cassette_player|tape_player,Imagenette val/n02979186/n02979186_13950.JPEG
n02979186_85.JPEG,cassette_player|tape_player,Imagenette val/n02979186/n02979186_140.JPEG
n02979186_86.JPEG,cassette_player|tape_player,Imagenette val/n02979186/n02979186_1401.JPEG
n02979186_87.JPEG,cassette_player|tape_player,Imagenette val/n02979186/n02979186_14050.JPEG
n02979186_88.JPEG,cassette_player|tape_player,Imagenette val/n02979186/n02979186_14100.JPEG
n02979186_89.JPEG,cassette_player|tape_player,Imagenette val/n02979186/n02979186_14251.JPEG
n02979186_90.JPEG,cassette_player|tape_player,Imagenette val/n02979186/n02979186_14271.JPEG
n02979186_91.JPEG,cassette_player|tape_player,Imagenette val/n02979186/n02979186_14440.JPEG
n02979186_92.JPEG,cassette_player|tape_player,Imagenette val/n02979186/n02979186_14462.JPEG
n02979186_93.JPEG,cassette_player|tape_player,Imagenette val/n02979186/n02979186_14471.JPEG
n02979186_94.JPEG,cassette_player|tape_player,Imagenette val/n02979186/n02979186_1450.JPEG
n02979186_95.JPEG,cassette_player|tape_player,Imagenette val/n02979186/n02979186_14550.JPEG
n02979186_96.JPEG,cassette_player|tape_player,Imagenette val/n02979186/n02979186_14601.JPEG
n02979186_97.JPEG,cassette_player|tape_player,Imagenette val/n02979186/n02979186_14630.JPEG
n02979186_98.JPEG,cassette_player|tape_player,Imagenette val/n02979186/n02979186_14712.JPEG
n02979186_99.JPEG,cassette_player|tape_player,Imagenette val/n02979186/n02979186_14721.JPEG
n02979186_100.JPEG,cassette_player|tape_player,Imagenette val/n02979186/n02979186_14771.JPEG
n03000684_01.JPEG,chain_saw,Imagenette val/n03000684/ILSVRC2012_val_00004262.JPEG
n03000684_02.JPEG,chain_saw,Imagenette val/n03000684/ILSVRC2012_val_00007460.JPEG
n03000684_03.JPEG,chain_saw,Imagenette val/n03000684/ILSVRC2012_val_00011170.JPEG
n03000684_04.JPEG,chain_saw,Imagenette val/n03000684/ILSVRC2012_val_00011951.JPEG
n03000684_05.JPEG,chain_saw,Imagenette val/n03000684/ILSVRC2012_val_00017801.JPEG
n03000684_06.JPEG,chain_saw,Imagenette val/n03000684/ILSVRC2012_val_00024480.JPEG
n03000684_07.JPEG,chain_saw,Imagenette val/n03000684/ILSVRC2012_val_00025890.JPEG
n03000684_08.JPEG,chain_saw,Imagenette val/n03000684/ILSVRC2012_val_00026061.JPEG
n03000684_09.JPEG,chain_saw,Imagenette val/n03000684/ILSVRC2012_val_00029211.JPEG
n03000684_10.JPEG,chain_saw,Imagenette val/n03000684/ILSVRC2012_val_00036092.JPEG
n03000684_11.JPEG,chain_saw,Imagenette val/n03000684/ILSVRC2012_val_00045501.JPEG
n03000684_12.JPEG,chain_saw,Imagenette val/n03000684/ILSVRC2012_val_00045940.JPEG
n03000684_13.JPEG,chain_saw,Imagenette val/n03000684/ILSVRC2012_val_00046651.JPEG
n03000684_14.JPEG,chain_saw,Imagenette val/n03000684/ILSVRC2012_val_00047060.JPEG
n03000684_15.JPEG,chain_saw,Imagenette val/n03000684/n03000684_1000.JPEG
n03000684_16.JPEG,chain_saw,Imagenette val/n03000684/n03000684_1011.JPEG
n03000684_17.JPEG,chain_saw,Imagenette val/n03000684/n03000684_10131.JPEG
n03000684_18.JPEG,chain_saw,Imagenette val/n03000684/n03000684_10132.JPEG
n03000684_19.JPEG,chain_saw,Imagenette val/n03000684/n03000684_10200.JPEG
n03000684_20.JPEG,chain_saw,Imagenette val/n03000684/n03000684_10212.JPEG
n03000684_21.JPEG,chain_saw,Imagenette val/n03000684/n03000684_10302.JPEG
n03000684_22.JPEG,chain_saw,Imagenette val/n03000684/n03000684_1031.JPEG
n03000684_23.JPEG,chain_saw,Imagenette val/n03000684/n03000684_1040.JPEG
n03000684_24.JPEG,chain_saw,Imagenette val/n03000684/n03000684_10690.JPEG
n03000684_25.JPEG,chain_saw,Imagenette val/n03000684/n03000684_10692.JPEG
n03000684_26.JPEG,chain_saw,Imagenette val/n03000684/n03000684_10790.JPEG
n03000684_27.JPEG,chain_saw,Imagenette val/n03000684/n03000684_1082.JPEG
n03000684_28.JPEG,chain_saw,Imagenette val/n03000684/n03000684_10820.JPEG
n03000684_29.JPEG,chain_saw,Imagenette val/n03000684/n03000684_10860.JPEG
n03000684_30.JPEG,chain_saw,Imagenette val/n03000684/n03000684_10902.JPEG
n03000684_31.JPEG,chain_saw,Imagenette val/n03000684/n03000684_10960.JPEG
n03000684_32.JPEG,chain_saw,Imagenette val/n03000684/n03000684_10992.JPEG
n03000684_33.JPEG,chain_saw,Imagenette val/n03000684/n03000684_1100.JPEG
n03000684_34.JPEG,chain_saw,Imagenette val/n03000684/n03000684_11070.JPEG
n03000684_35.JPEG,chain_saw,Imagenette val/n03000684/n03000684_11090.JPEG
n03000684_36.JPEG,chain_saw,Imagenette val/n03000684/n03000684_11122.JPEG
n03000684_37.JPEG,chain_saw,Imagenette val/n03000684/n03000684_11180.JPEG
n03000684_38.JPEG,chain_saw,Imagenette val/n03000684/n03000684_1122.JPEG
n03000684_39.JPEG,chain_saw,Imagenette val/n03000684/n03000684_11241.JPEG
n03000684_40.JPEG,chain_saw,Imagenette val/n03000684/n03000684_11441.JPEG
n03000684_41.JPEG,chain_saw,Imagenette val/n03000684/n03000684_11511.JPEG
n03000684_42.JPEG,chain_saw,Imagenette val/n03000684/n03000684_11552.JPEG
n03000684_43.JPEG,chain_saw,Imagenette val/n03000684/n03000684_11672.JPEG
n03000684_44.JPEG,chain_saw,Imagenette val/n03000684/n03000684_11701.JPEG
n03000684_45.JPEG,chain_saw,Imagenette val/n03000684/n03000684_11821.JPEG
n03000684_46.JPEG,chain_saw,Imagenette val/n03000684/n03000684_11861.JPEG
n03000684_47.JPEG,chain_saw,Imagenette val/n03000684/n03000684_12051.JPEG
n03000684_48.JPEG,chain_saw,Imagenette val/n03000684/n03000684_12052.JPEG
n03000684_49.JPEG,chain_saw,Imagenette val/n03000684/n03000684_1210.JPEG
n03000684_50.JPEG,chain_saw,Imagenette val/n03000684/n03000684_12170.JPEG
n03000684_51.JPEG,chain_saw,Imagenette val/n03000684/n03000684_12370.JPEG
n03000684_52.JPEG,chain_saw,Imagenette val/n03000684/n03000684_12430.JPEG
n03000684_53.JPEG,chain_saw,Imagenette val/n03000684/n03000684_12470.JPEG
n03000684_54.JPEG,chain_saw,Imagenette val/n03000684/n03000684_12570.JPEG
n03000684_55.JPEG,chain_saw,Imagenette val/n03000684/n03000684_12642.JPEG
n03000684_56.JPEG,chain_saw,Imagenette val/n03000684/n03000684_12670.JPEG
n03000684_57.JPEG,chain_saw,Imagenette val/n03000684/n03000684_12880.JPEG
n03000684_58.JPEG,chain_saw,Imagenette val/n03000684/n03000684_1290.JPEG
n03000684_59.JPEG,chain_saw,Imagenette val/n03000684/n03000684_1300.JPEG
n03000684_60.JPEG,chain_saw,Imagenette val/n03000684/n03000684_13071.JPEG
n03000684_61.JPEG,chain_saw,Imagenette val/n03000684/n03000684_1310.JPEG
n03000684_62.JPEG,chain_saw,Imagenette val/n03000684/n03000684_13182.JPEG
n03000684_63.JPEG,chain_saw,Imagenette val/n03000684/n03000684_13270.JPEG
n03000684_64.JPEG,chain_saw,Imagenette val/n03000684/n03000684_13352.JPEG
n03000684_65.JPEG,chain_saw,Imagenette val/n03000684/n03000684_13402.JPEG
n03000684_66.JPEG,chain_saw,Imagenette val/n03000684/n03000684_13440.JPEG
n03000684_67.JPEG,chain_saw,Imagenette val/n03000684/n03000684_13510.JPEG
n03000684_68.JPEG,chain_saw,Imagenette val/n03000684/n03000684_13511.JPEG
n03000684_69.JPEG,chain_saw,Imagenette val/n03000684/n03000684_13541.JPEG
n03000684_70.JPEG,chain_saw,Imagenette val/n03000684/n03000684_13560.JPEG
n03000684_71.JPEG,chain_saw,Imagenette val/n03000684/n03000684_13920.JPEG
n03000684_72.JPEG,chain_saw,Imagenette val/n03000684/n03000684_13982.JPEG
n03000684_73.JPEG,chain_saw,Imagenette val/n03000684/n03000684_14022.JPEG
n03000684_74.JPEG,chain_saw,Imagenette val/n03000684/n03000684_14060.JPEG
n03000684_75.JPEG,chain_saw,Imagenette val/n03000684/n03000684_141.JPEG
n03000684_76.JPEG,chain_saw,Imagenette val/n03000684/n03000684_14112.JPEG
n03000684_77.JPEG,chain_saw,Imagenette val/n03000684/n03000684_14120.JPEG
n03000684_78.JPEG,chain_saw,Imagenette val/n03000684/n03000684_14132.JPEG
n03000684_79.JPEG,chain_saw,Imagenette val/n03000684/n03000684_14171.JPEG
n03000684_80.JPEG,chain_saw,Imagenette val/n03000684/n03000684_14351.JPEG
n03000684_81.JPEG,chain_saw,Imagenette val/n03000684/n03000684_14391.JPEG
n03000684_82.JPEG,chain_saw,Imagenette val/n03000684/n03000684_14502.JPEG
n03000684_83.JPEG,chain_saw,Imagenette val/n03000684/n03000684_14600.JPEG
n03000684_84.JPEG,chain_saw,Imagenette val/n03000684/n03000684_14632.JPEG
n03000684_85.JPEG,chain_saw,Imagenette val/n03000684/n03000684_14650.JPEG
n03000684_86.JPEG,chain_saw,Imagenette val/n03000684/n03000684_14720.JPEG
n03000684_87.JPEG,chain_saw,Imagenette val/n03000684/n03000684_14740.JPEG
n03000684_88.JPEG,chain_saw,Imagenette val/n03000684/n03000684_14761.JPEG
n03000684_89.JPEG,chain_saw,Imagenette val/n03000684/n03000684_14882.JPEG
n03000684_90.JPEG,chain_saw,Imagenette val/n03000684/n03000684_1490.JPEG
n03000684_91.JPEG,chain_saw,Imagenette val/n03000684/n03000684_15040.JPEG
n03000684_92.JPEG,chain_saw,Imagenette val/n03000684/n03000684_15071.JPEG
n03000684_93.JPEG,chain_saw,Imagenette val/n03000684/n03000684_15181.JPEG
n03000684_94.JPEG,chain_saw,Imagenette val/n03000684/n03000684_15202.JPEG
n03000684_95.JPEG,chain_saw,Imagenette val/n03000684/n03000684_15300.JPEG
n03000684_96.JPEG,chain_saw,Imagenette val/n03000684/n03000684_15321.JPEG
n03000684_97.JPEG,chain_saw,Imagenette val/n03000684/n03000684_15400.JPEG
n03000684_98.JPEG,chain_saw,Imagenette val/n03000684/n03000684_1542.JPEG
n03000684_99.JPEG,chain_saw,Imagenette val/n03000684/n03000684_15441.JPEG
n03000684_100.JPEG,chain_saw,Imagenette val/n03000684/n03000684_15470.JPEG
n03028079_01.JPEG,church,Imagenette val/n03028079/ILSVRC2012_val_00003351.JPEG
n03028079_02.JPEG,church,Imagenette val/n03028079/ILSVRC2012_val_00003682.JPEG
n03028079_03.JPEG,church,Imagenette val/n03028079/ILSVRC2012_val_00004912.JPEG
n03028079_04.JPEG,church,Imagenette val/n03028079/ILSVRC2012_val_00007400.JPEG
n03028079_05.JPEG,church,Imagenette val/n03028079/ILSVRC2012_val_00010770.JPEG
n03028079_06.JPEG,church,Imagenette val/n03028079/ILSVRC2012_val_00016542.JPEG
n03028079_07.JPEG,church,Imagenette val/n03028079/ILSVRC2012_val_00016832.JPEG
n03028079_08.JPEG,church,Imagenette val/n03028079/ILSVRC2012_val_00019331.JPEG
n03028079_09.JPEG,church,Imagenette val/n03028079/ILSVRC2012_val_00019711.JPEG
n03028079_10.JPEG,church,Imagenette val/n03028079/ILSVRC2012_val_00023000.JPEG
n03028079_11.JPEG,church,Imagenette val/n03028079/ILSVRC2012_val_00023291.JPEG
n03028079_12.JPEG,church,Imagenette val/n03028079/ILSVRC2012_val_00026451.JPEG
n03028079_13.JPEG,church,Imagenette val/n03028079/ILSVRC2012_val_00028310.JPEG
n03028079_14.JPEG,church,Imagenette val/n03028079/ILSVRC2012_val_00029870.JPEG
n03028079_15.JPEG,church,Imagenette val/n03028079/ILSVRC2012_val_00034021.JPEG
n03028079_16.JPEG,church,Imagenette val/n03028079/ILSVRC2012_val_00034220.JPEG
n03028079_17.JPEG,church,Imagenette val/n03028079/ILSVRC2012_val_00046232.JPEG
n03028079_18.JPEG,church,Imagenette val/n03028079/ILSVRC2012_val_00046550.JPEG
n03028079_19.JPEG,church,Imagenette val/n03028079/ILSVRC2012_val_00048382.JPEG
n03028079_20.JPEG,church,Imagenette val/n03028079/n03028079_1.JPEG
n03028079_21.JPEG,church,Imagenette val/n03028079/n03028079_1002.JPEG
n03028079_22.JPEG,church,Imagenette val/n03028079/n03028079_10020.JPEG
n03028079_23.JPEG,church,Imagenette val/n03028079/n03028079_10032.JPEG
n03028079_24.JPEG,church,Imagenette val/n03028079/n03028079_10040.JPEG
n03028079_25.JPEG,church,Imagenette val/n03028079/n03028079_10060.JPEG
n03028079_26.JPEG,church,Imagenette val/n03028079/n03028079_10111.JPEG
n03028079_27.JPEG,church,Imagenette val/n03028079/n03028079_10141.JPEG
n03028079_28.JPEG,church,Imagenette val/n03028079/n03028079_10191.JPEG
n03028079_29.JPEG,church,Imagenette val/n03028079/n03028079_102.JPEG
n03028079_30.JPEG,church,Imagenette val/n03028079/n03028079_10230.JPEG
n03028079_31.JPEG,church,Imagenette val/n03028079/n03028079_10241.JPEG
n03028079_32.JPEG,church,Imagenette val/n03028079/n03028079_10410.JPEG
n03028079_33.JPEG,church,Imagenette val/n03028079/n03028079_10451.JPEG
n03028079_34.JPEG,church,Imagenette val/n03028079/n03028079_10452.JPEG
n03028079_35.JPEG,church,Imagenette val/n03028079/n03028079_10511.JPEG
n03028079_36.JPEG,church,Imagenette val/n03028079/n03028079_105232.JPEG
n03028079_37.JPEG,church,Imagenette val/n03028079/n03028079_10590.JPEG
n03028079_38.JPEG,church,Imagenette val/n03028079/n03028079_10611.JPEG
n03028079_39.JPEG,church,Imagenette val/n03028079/n03028079_10631.JPEG
n03028079_40.JPEG,church,Imagenette val/n03028079/n03028079_108321.JPEG
n03028079_41.JPEG,church,Imagenette val/n03028079/n03028079_1090.JPEG
n03028079_42.JPEG,church,Imagenette val/n03028079/n03028079_1091.JPEG
n03028079_43.JPEG,church,Imagenette val/n03028079/n03028079_1102.JPEG
n03028079_44.JPEG,church,Imagenette val/n03028079/n03028079_110420.JPEG
n03028079_45.JPEG,church,Imagenette val/n03028079/n03028079_11111.JPEG
n03028079_46.JPEG,church,Imagenette val/n03028079/n03028079_11250.JPEG
n03028079_47.JPEG,church,Imagenette val/n03028079/n03028079_112802.JPEG
n03028079_48.JPEG,church,Imagenette val/n03028079/n03028079_113001.JPEG
n03028079_49.JPEG,church,Imagenette val/n03028079/n03028079_11401.JPEG
n03028079_50.JPEG,church,Imagenette val/n03028079/n03028079_11591.JPEG
n03028079_51.JPEG,church,Imagenette val/n03028079/n03028079_116072.JPEG
n03028079_52.JPEG,church,Imagenette val/n03028079/n03028079_12061.JPEG
n03028079_53.JPEG,church,Imagenette val/n03028079/n03028079_12090.JPEG
n03028079_54.JPEG,church,Imagenette val/n03028079/n03028079_122592.JPEG
n03028079_55.JPEG,church,Imagenette val/n03028079/n03028079_12330.JPEG
n03028079_56.JPEG,church,Imagenette val/n03028079/n03028079_12681.JPEG
n03028079_57.JPEG,church,Imagenette val/n03028079/n03028079_12732.JPEG
n03028079_58.JPEG,church,Imagenette val/n03028079/n03028079_12802.JPEG
n03028079_59.JPEG,church,Imagenette val/n03028079/n03028079_12812.JPEG
n03028079_60.JPEG,church,Imagenette val/n03028079/n03028079_13002.JPEG
n03028079_61.JPEG,church,Imagenette val/n03028079/n03028079_13021.JPEG
n03028079_62.JPEG,church,Imagenette val/n03028079/n03028079_13251.JPEG
n03028079_63.JPEG,church,Imagenette val/n03028079/n03028079_13311.JPEG
n03028079_64.JPEG,church,Imagenette val/n03028079/n03028079_1332.JPEG
n03028079_65.JPEG,church,Imagenette val/n03028079/n03028079_13331.JPEG
n03028079_66.JPEG,church,Imagenette val/n03028079/n03028079_1350.JPEG
n03028079_67.JPEG,church,Imagenette val/n03028079/n03028079_13530.JPEG
n03028079_68.JPEG,church,Imagenette val/n03028079/n03028079_13542.JPEG
n03028079_69.JPEG,church,Imagenette val/n03028079/n03028079_13580.JPEG
n03028079_70.JPEG,church,Imagenette val/n03028079/n03028079_13601.JPEG
n03028079_71.JPEG,church,Imagenette val/n03028079/n03028079_1372.JPEG
n03028079_72.JPEG,church,Imagenette val/n03028079/n03028079_13721.JPEG
n03028079_73.JPEG,church,Imagenette val/n03028079/n03028079_1381.JPEG
n03028079_74.JPEG,church,Imagenette val/n03028079/n03028079_13952.JPEG
n03028079_75.JPEG,church,Imagenette val/n03028079/n03028079_13981.JPEG
n03028079_76.JPEG,church,Imagenette val/n03028079/n03028079_14010.JPEG
n03028079_77.JPEG,church,Imagenette val/n03028079/n03028079_14021.JPEG
n03028079_78.JPEG,church,Imagenette val/n03028079/n03028079_14181.JPEG
n03028079_79.JPEG,church,Imagenette val/n03028079/n03028079_14192.JPEG
n03028079_80.JPEG,church,Imagenette val/n03028079/n03028079_14210.JPEG
n03028079_81.JPEG,church,Imagenette val/n03028079/n03028079_14310.JPEG
n03028079_82.JPEG,church,Imagenette val/n03028079/n03028079_14371.JPEG
n03028079_83.JPEG,church,Imagenette val/n03028079/n03028079_14382.JPEG
n03028079_84.JPEG,church,Imagenette val/n03028079/n03028079_14492.JPEG
n03028079_85.JPEG,church,Imagenette val/n03028079/n03028079_14582.JPEG
n03028079_86.JPEG,church,Imagenette val/n03028079/n03028079_14600.JPEG
n03028079_87.JPEG,church,Imagenette val/n03028079/n03028079_14621.JPEG
n03028079_88.JPEG,church,Imagenette val/n03028079/n03028079_14770.JPEG
n03028079_89.JPEG,church,Imagenette val/n03028079/n03028079_14860.JPEG
n03028079_90.JPEG,church,Imagenette val/n03028079/n03028079_14900.JPEG
n03028079_91.JPEG,church,Imagenette val/n03028079/n03028079_14910.JPEG
n03028079_92.JPEG,church,Imagenette val/n03028079/n03028079_14920.JPEG
n03028079_93.JPEG,church,Imagenette val/n03028079/n03028079_14992.JPEG
n03028079_94.JPEG,church,Imagenette val/n03028079/n03028079_15002.JPEG
n03028079_95.JPEG,church,Imagenette val/n03028079/n03028079_1501.JPEG
n03028079_96.JPEG,church,Imagenette val/n03028079/n03028079_1502.JPEG
n03028079_97.JPEG,church,Imagenette val/n03028079/n03028079_15081.JPEG
n03028079_98.JPEG,church,Imagenette val/n03028079/n03028079_151.JPEG
n03028079_99.JPEG,church,Imagenette val/n03028079/n03028079_15102.JPEG
n03028079_100.JPEG,church,Imagenette val/n03028079/n03028079_15111.JPEG
n03394916_01.JPEG,French_horn,Imagenette val/n03394916/ILSVRC2012_val_00001492.JPEG
n03394916_02.JPEG,French_horn,Imagenette val/n03394916/ILSVRC2012_val_00003620.JPEG
n03394916_03.JPEG,French_horn,Imagenette val/n03394916/ILSVRC2012_val_00004301.JPEG
n03394916_04.JPEG,French_horn,Imagenette val/n03394916/ILSVRC2012_val_00007921.JPEG
n03394916_05.JPEG,French_horn,Imagenette val/n03394916/ILSVRC2012_val_00009651.JPEG
n03394916_06.JPEG,French_horn,Imagenette val/n03394916/ILSVRC2012_val_00011691.JPEG
n03394916_07.JPEG,French_horn,Imagenette val/n03394916/ILSVRC2012_val_00015542.JPEG
n03394916_08.JPEG,French_horn,Imagenette val/n03394916/ILSVRC2012_val_00025430.JPEG
n03394916_09.JPEG,French_horn,Imagenette val/n03394916/ILSVRC2012_val_00025761.JPEG
n03394916_10.JPEG,French_horn,Imagenette val/n03394916/ILSVRC2012_val_00033682.JPEG
n03394916_11.JPEG,French_horn,Imagenette val/n03394916/ILSVRC2012_val_00037592.JPEG
n03394916_12.JPEG,French_horn,Imagenette val/n03394916/ILSVRC2012_val_00041242.JPEG
n03394916_13.JPEG,French_horn,Imagenette val/n03394916/n03394916_10501.JPEG
n03394916_14.JPEG,French_horn,Imagenette val/n03394916/n03394916_10591.JPEG
n03394916_15.JPEG,French_horn,Imagenette val/n03394916/n03394916_1091.JPEG
n03394916_16.JPEG,French_horn,Imagenette val/n03394916/n03394916_11030.JPEG
n03394916_17.JPEG,French_horn,Imagenette val/n03394916/n03394916_1130.JPEG
n03394916_18.JPEG,French_horn,Imagenette val/n03394916/n03394916_11330.JPEG
n03394916_19.JPEG,French_horn,Imagenette val/n03394916/n03394916_11571.JPEG
n03394916_20.JPEG,French_horn,Imagenette val/n03394916/n03394916_11582.JPEG
n03394916_21.JPEG,French_horn,Imagenette val/n03394916/n03394916_12292.JPEG
n03394916_22.JPEG,French_horn,Imagenette val/n03394916/n03394916_12430.JPEG
n03394916_23.JPEG,French_horn,Imagenette val/n03394916/n03394916_13492.JPEG
n03394916_24.JPEG,French_horn,Imagenette val/n03394916/n03394916_14002.JPEG
n03394916_25.JPEG,French_horn,Imagenette val/n03394916/n03394916_14162.JPEG
n03394916_26.JPEG,French_horn,Imagenette val/n03394916/n03394916_15352.JPEG
n03394916_27.JPEG,French_horn,Imagenette val/n03394916/n03394916_15691.JPEG
n03394916_28.JPEG,French_horn,Imagenette val/n03394916/n03394916_1592.JPEG
n03394916_29.JPEG,French_horn,Imagenette val/n03394916/n03394916_16212.JPEG
n03394916_30.JPEG,French_horn,Imagenette val/n03394916/n03394916_16322.JPEG
n03394916_31.JPEG,French_horn,Imagenette val/n03394916/n03394916_16601.JPEG
n03394916_32.JPEG,French_horn,Imagenette val/n03394916/n03394916_16781.JPEG
n03394916_33.JPEG,French_horn,Imagenette val/n03394916/n03394916_17100.JPEG
n03394916_34.JPEG,French_horn,Imagenette val/n03394916/n03394916_17141.JPEG
n03394916_35.JPEG,French_horn,Imagenette val/n03394916/n03394916_17780.JPEG
n03394916_36.JPEG,French_horn,Imagenette val/n03394916/n03394916_17890.JPEG
n03394916_37.JPEG,French_horn,Imagenette val/n03394916/n03394916_180.JPEG
n03394916_38.JPEG,French_horn,Imagenette val/n03394916/n03394916_18691.JPEG
n03394916_39.JPEG,French_horn,Imagenette val/n03394916/n03394916_18901.JPEG
n03394916_40.JPEG,French_horn,Imagenette val/n03394916/n03394916_19491.JPEG
n03394916_41.JPEG,French_horn,Imagenette val/n03394916/n03394916_20281.JPEG
n03394916_42.JPEG,French_horn,Imagenette val/n03394916/n03394916_20420.JPEG
n03394916_43.JPEG,French_horn,Imagenette val/n03394916/n03394916_21040.JPEG
n03394916_44.JPEG,French_horn,Imagenette val/n03394916/n03394916_21092.JPEG
n03394916_45.JPEG,French_horn,Imagenette val/n03394916/n03394916_21272.JPEG
n03394916_46.JPEG,French_horn,Imagenette val/n03394916/n03394916_2151.JPEG
n03394916_47.JPEG,French_horn,Imagenette val/n03394916/n03394916_22661.JPEG
n03394916_48.JPEG,French_horn,Imagenette val/n03394916/n03394916_22791.JPEG
n03394916_49.JPEG,French_horn,Imagenette val/n03394916/n03394916_230.JPEG
n03394916_50.JPEG,French_horn,Imagenette val/n03394916/n03394916_23071.JPEG
n03394916_51.JPEG,French_horn,Imagenette val/n03394916/n03394916_23222.JPEG
n03394916_52.JPEG,French_horn,Imagenette val/n03394916/n03394916_23411.JPEG
n03394916_53.JPEG,French_horn,Imagenette val/n03394916/n03394916_23742.JPEG
n03394916_54.JPEG,French_horn,Imagenette val/n03394916/n03394916_23942.JPEG
n03394916_55.JPEG,French_horn,Imagenette val/n03394916/n03394916_24391.JPEG
n03394916_56.JPEG,French_horn,Imagenette val/n03394916/n03394916_24420.JPEG
n03394916_57.JPEG,French_horn,Imagenette val/n03394916/n03394916_24532.JPEG
n03394916_58.JPEG,French_horn,Imagenette val/n03394916/n03394916_25580.JPEG
n03394916_59.JPEG,French_horn,Imagenette val/n03394916/n03394916_25670.JPEG
n03394916_60.JPEG,French_horn,Imagenette val/n03394916/n03394916_25781.JPEG
n03394916_61.JPEG,French_horn,Imagenette val/n03394916/n03394916_25821.JPEG
n03394916_62.JPEG,French_horn,Imagenette val/n03394916/n03394916_25832.JPEG
n03394916_63.JPEG,French_horn,Imagenette val/n03394916/n03394916_26040.JPEG
n03394916_64.JPEG,French_horn,Imagenette val/n03394916/n03394916_26102.JPEG
n03394916_65.JPEG,French_horn,Imagenette val/n03394916/n03394916_26252.JPEG
n03394916_66.JPEG,French_horn,Imagenette val/n03394916/n03394916_26260.JPEG
n03394916_67.JPEG,French_horn,Imagenette val/n03394916/n03394916_26270.JPEG
n03394916_68.JPEG,French_horn,Imagenette val/n03394916/n03394916_26391.JPEG
n03394916_69.JPEG,French_horn,Imagenette val/n03394916/n03394916_26422.JPEG
n03394916_70.JPEG,French_horn,Imagenette val/n03394916/n03394916_26802.JPEG
n03394916_71.JPEG,French_horn,Imagenette val/n03394916/n03394916_26831.JPEG
n03394916_72.JPEG,French_horn,Imagenette val/n03394916/n03394916_26940.JPEG
n03394916_73.JPEG,French_horn,Imagenette val/n03394916/n03394916_27071.JPEG
n03394916_74.JPEG,French_horn,Imagenette val/n03394916/n03394916_27241.JPEG
n03394916_75.JPEG,French_horn,Imagenette val/n03394916/n03394916_27560.JPEG
n03394916_76.JPEG,French_horn,Imagenette val/n03394916/n03394916_27932.JPEG
n03394916_77.JPEG,French_horn,Imagenette val/n03394916/n03394916_28291.JPEG
n03394916_78.JPEG,French_horn,Imagenette val/n03394916/n03394916_28381.JPEG
n03394916_79.JPEG,French_horn,Imagenette val/n03394916/n03394916_28421.JPEG
n03394916_80.JPEG,French_horn,Imagenette val/n03394916/n03394916_28431.JPEG
n03394916_81.JPEG,French_horn,Imagenette val/n03394916/n03394916_28461.JPEG
n03394916_82.JPEG,French_horn,Imagenette val/n03394916/n03394916_28561.JPEG
n03394916_83.JPEG,French_horn,Imagenette val/n03394916/n03394916_28590.JPEG
n03394916_84.JPEG,French_horn,Imagenette val/n03394916/n03394916_28651.JPEG
n03394916_85.JPEG,French_horn,Imagenette val/n03394916/n03394916_28830.JPEG
n03394916_86.JPEG,French_horn,Imagenette val/n03394916/n03394916_28971.JPEG
n03394916_87.JPEG,French_horn,Imagenette val/n03394916/n03394916_29091.JPEG
n03394916_88.JPEG,French_horn,Imagenette val/n03394916/n03394916_29130.JPEG
n03394916_89.JPEG,French_horn,Imagenette val/n03394916/n03394916_29142.JPEG
n03394916_90.JPEG,French_horn,Imagenette val/n03394916/n03394916_292.JPEG
n03394916_91.JPEG,French_horn,Imagenette val/n03394916/n03394916_29311.JPEG
n03394916_92.JPEG,French_horn,Imagenette val/n03394916/n03394916_29412.JPEG
n03394916_93.JPEG,French_horn,Imagenette val/n03394916/n03394916_29480.JPEG
n03394916_94.JPEG,French_horn,Imagenette val/n03394916/n03394916_29500.JPEG
n03394916_95.JPEG,French_horn,Imagenette val/n03394916/n03394916_29530.JPEG
n03394916_96.JPEG,French_horn,Imagenette val/n03394916/n03394916_29541.JPEG
n03394916_97.JPEG,French_horn,Imagenette val/n03394916/n03394916_29580.JPEG
n03394916_98.JPEG,French_horn,Imagenette val/n03394916/n03394916_29611.JPEG
n03394916_99.JPEG,French_horn,Imagenette val/n03394916/n03394916_29622.JPEG
n03394916_100.JPEG,French_horn,Imagenette val/n03394916/n03394916_29722.JPEG
n03417042_01.JPEG,garbage_truck,Imagenette val/n03417042/ILSVRC2012_val_00002210.JPEG
n03417042_02.JPEG,garbage_truck,Imagenette val/n03417042/ILSVRC2012_val_00006922.JPEG
n03417042_03.JPEG,garbage_truck,Imagenette val/n03417042/ILSVRC2012_val_00008430.JPEG
n03417042_04.JPEG,garbage_truck,Imagenette val/n03417042/ILSVRC2012_val_00022172.JPEG
n03417042_05.JPEG,garbage_truck,Imagenette val/n03417042/ILSVRC2012_val_00024560.JPEG
n03417042_06.JPEG,garbage_truck,Imagenette val/n03417042/ILSVRC2012_val_00027110.JPEG
n03417042_07.JPEG,garbage_truck,Imagenette val/n03417042/ILSVRC2012_val_00027150.JPEG
n03417042_08.JPEG,garbage_truck,Imagenette val/n03417042/ILSVRC2012_val_00028190.JPEG
n03417042_09.JPEG,garbage_truck,Imagenette val/n03417042/ILSVRC2012_val_00032800.JPEG
n03417042_10.JPEG,garbage_truck,Imagenette val/n03417042/ILSVRC2012_val_00033842.JPEG
n03417042_11.JPEG,garbage_truck,Imagenette val/n03417042/ILSVRC2012_val_00034001.JPEG
n03417042_12.JPEG,garbage_truck,Imagenette val/n03417042/ILSVRC2012_val_00042802.JPEG
n03417042_13.JPEG,garbage_truck,Imagenette val/n03417042/n03417042_1000.JPEG
n03417042_14.JPEG,garbage_truck,Imagenette val/n03417042/n03417042_10121.JPEG
n03417042_15.JPEG,garbage_truck,Imagenette val/n03417042/n03417042_10141.JPEG
n03417042_16.JPEG,garbage_truck,Imagenette val/n03417042/n03417042_10150.JPEG
n03417042_17.JPEG,garbage_truck,Imagenette val/n03417042/n03417042_1022.JPEG
n03417042_18.JPEG,garbage_truck,Imagenette val/n03417042/n03417042_10280.JPEG
n03417042_19.JPEG,garbage_truck,Imagenette val/n03417042/n03417042_10300.JPEG
n03417042_20.JPEG,garbage_truck,Imagenette val/n03417042/n03417042_1031.JPEG
n03417042_21.JPEG,garbage_truck,Imagenette val/n03417042/n03417042_10331.JPEG
n03417042_22.JPEG,garbage_truck,Imagenette val/n03417042/n03417042_10362.JPEG
n03417042_23.JPEG,garbage_truck,Imagenette val/n03417042/n03417042_10401.JPEG
n03417042_24.JPEG,garbage_truck,Imagenette val/n03417042/n03417042_10402.JPEG
n03417042_25.JPEG,garbage_truck,Imagenette val/n03417042/n03417042_10442.JPEG
n03417042_26.JPEG,garbage_truck,Imagenette val/n03417042/n03417042_10462.JPEG
n03417042_27.JPEG,garbage_truck,Imagenette val/n03417042/n03417042_1051.JPEG
n03417042_28.JPEG,garbage_truck,Imagenette val/n03417042/n03417042_10520.JPEG
n03417042_29.JPEG,garbage_truck,Imagenette val/n03417042/n03417042_10612.JPEG
n03417042_30.JPEG,garbage_truck,Imagenette val/n03417042/n03417042_10642.JPEG
n03417042_31.JPEG,garbage_truck,Imagenette val/n03417042/n03417042_10751.JPEG
n03417042_32.JPEG,garbage_truck,Imagenette val/n03417042/n03417042_10752.JPEG
n03417042_33.JPEG,garbage_truck,Imagenette val/n03417042/n03417042_10802.JPEG
n03417042_34.JPEG,garbage_truck,Imagenette val/n03417042/n03417042_11.JPEG
n03417042_35.JPEG,garbage_truck,Imagenette val/n03417042/n03417042_11000.JPEG
n03417042_36.JPEG,garbage_truck,Imagenette val/n03417042/n03417042_11031.JPEG
n03417042_37.JPEG,garbage_truck,Imagenette val/n03417042/n03417042_11062.JPEG
n03417042_38.JPEG,garbage_truck,Imagenette val/n03417042/n03417042_11072.JPEG
n03417042_39.JPEG,garbage_truck,Imagenette val/n03417042/n03417042_11091.JPEG
n03417042_40.JPEG,garbage_truck,Imagenette val/n03417042/n03417042_11222.JPEG
n03417042_41.JPEG,garbage_truck,Imagenette val/n03417042/n03417042_11441.JPEG
n03417042_42.JPEG,garbage_truck,Imagenette val/n03417042/n03417042_11452.JPEG
n03417042_43.JPEG,garbage_truck,Imagenette val/n03417042/n03417042_11511.JPEG
n03417042_44.JPEG,garbage_truck,Imagenette val/n03417042/n03417042_11552.JPEG
n03417042_45.JPEG,garbage_truck,Imagenette val/n03417042/n03417042_11602.JPEG
n03417042_46.JPEG,garbage_truck,Imagenette val/n03417042/n03417042_11611.JPEG
n03417042_47.JPEG,garbage_truck,Imagenette val/n03417042/n03417042_1182.JPEG
n03417042_48.JPEG,garbage_truck,Imagenette val/n03417042/n03417042_11871.JPEG
n03417042_49.JPEG,garbage_truck,Imagenette val/n03417042/n03417042_12002.JPEG
n03417042_50.JPEG,garbage_truck,Imagenette val/n03417042/n03417042_12031.JPEG
n03417042_51.JPEG,garbage_truck,Imagenette val/n03417042/n03417042_12050.JPEG
n03417042_52.JPEG,garbage_truck,Imagenette val/n03417042/n03417042_1211.JPEG
n03417042_53.JPEG,garbage_truck,Imagenette val/n03417042/n03417042_12170.JPEG
n03417042_54.JPEG,garbage_truck,Imagenette val/n03417042/n03417042_12190.JPEG
n03417042_55.JPEG,garbage_truck,Imagenette val/n03417042/n03417042_12232.JPEG
n03417042_56.JPEG,garbage_truck,Imagenette val/n03417042/n03417042_12291.JPEG
n03417042_57.JPEG,garbage_truck,Imagenette val/n03417042/n03417042_12300.JPEG
n03417042_58.JPEG,garbage_truck,Imagenette val/n03417042/n03417042_12322.JPEG
n03417042_59.JPEG,garbage_truck,Imagenette val/n03417042/n03417042_12400.JPEG
n03417042_60.JPEG,garbage_truck,Imagenette val/n03417042/n03417042_12531.JPEG
n03417042_61.JPEG,garbage_truck,Imagenette val/n03417042/n03417042_12560.JPEG
n03417042_62.JPEG,garbage_truck,Imagenette val/n03417042/n03417042_12601.JPEG
n03417042_63.JPEG,garbage_truck,Imagenette val/n03417042/n03417042_1262.JPEG
n03417042_64.JPEG,garbage_truck,Imagenette val/n03417042/n03417042_1271.JPEG
n03417042_65.JPEG,garbage_truck,Imagenette val/n03417042/n03417042_12711.JPEG
n03417042_66.JPEG,garbage_truck,Imagenette val/n03417042/n03417042_12790.JPEG
n03417042_67.JPEG,garbage_truck,Imagenette val/n03417042/n03417042_1280.JPEG
n03417042_68.JPEG,garbage_truck,Imagenette val/n03417042/n03417042_1282.JPEG
n03417042_69.JPEG,garbage_truck,Imagenette val/n03417042/n03417042_130.JPEG
n03417042_70.JPEG,garbage_truck,Imagenette val/n03417042/n03417042_1311.JPEG
n03417042_71.JPEG,garbage_truck,Imagenette val/n03417042/n03417042_13151.JPEG
n03417042_72.JPEG,garbage_truck,Imagenette val/n03417042/n03417042_1330.JPEG
n03417042_73.JPEG,garbage_truck,Imagenette val/n03417042/n03417042_1332.JPEG
n03417042_74.JPEG,garbage_truck,Imagenette val/n03417042/n03417042_13651.JPEG
n03417042_75.JPEG,garbage_truck,Imagenette val/n03417042/n03417042_13871.JPEG
n03417042_76.JPEG,garbage_truck,Imagenette val/n03417042/n03417042_14000.JPEG
n03417042_77.JPEG,garbage_truck,Imagenette val/n03417042/n03417042_14261.JPEG
n03417042_78.JPEG,garbage_truck,Imagenette val/n03417042/n03417042_14381.JPEG
n03417042_79.JPEG,garbage_truck,Imagenette val/n03417042/n03417042_14500.JPEG
n03417042_80.JPEG,garbage_truck,Imagenette val/n03417042/n03417042_14690.JPEG
n03417042_81.JPEG,garbage_truck,Imagenette val/n03417042/n03417042_14712.JPEG
n03417042_82.JPEG,garbage_truck,Imagenette val/n03417042/n03417042_14861.JPEG
n03417042_83.JPEG,garbage_truck,Imagenette val/n03417042/n03417042_1492.JPEG
n03417042_84.JPEG,garbage_truck,Imagenette val/n03417042/n03417042_152.JPEG
n03417042_85.JPEG,garbage_truck,Imagenette val/n03417042/n03417042_15482.JPEG
n03417042_86.JPEG,garbage_truck,Imagenette val/n03417042/n03417042_15592.JPEG
n03417042_87.JPEG,garbage_truck,Imagenette val/n03417042/n03417042_1561.JPEG
n03417042_88.JPEG,garbage_truck,Imagenette val/n03417042/n03417042_15970.JPEG
n03417042_89.JPEG,garbage_truck,Imagenette val/n03417042/n03417042_16000.JPEG
n03417042_90.JPEG,garbage_truck,Imagenette val/n03417042/n03417042_1601.JPEG
n03417042_91.JPEG,garbage_truck,Imagenette val/n03417042/n03417042_1611.JPEG
n03417042_92.JPEG,garbage_truck,Imagenette val/n03417042/n03417042_1631.JPEG
n03417042_93.JPEG,garbage_truck,Imagenette val/n03417042/n03417042_16370.JPEG
n03417042_94.JPEG,garbage_truck,Imagenette val/n03417042/n03417042_1651.JPEG
n03417042_95.JPEG,garbage_truck,Imagenette val/n03417042/n03417042_16871.JPEG
n03417042_96.JPEG,garbage_truck,Imagenette val/n03417042/n03417042_17142.JPEG
n03417042_97.JPEG,garbage_truck,Imagenette val/n03417042/n03417042_17470.JPEG
n03417042_98.JPEG,garbage_truck,Imagenette val/n03417042/n03417042_1770.JPEG
n03417042_99.JPEG,garbage_truck,Imagenette val/n03417042/n03417042_17862.JPEG
n03417042_100.JPEG,garbage_truck,Imagenette val/n03417042/n03417042_1790.JPEG
n03425413_01.JPEG,gas_pump,Imagenette val/n03425413/ILSVRC2012_val_00000732.JPEG
n03425413_02.JPEG,gas_pump,Imagenette val/n03425413/ILSVRC2012_val_00001432.JPEG
n03425413_03.JPEG,gas_pump,Imagenette val/n03425413/ILSVRC2012_val_00004452.JPEG
n03425413_04.JPEG,gas_pump,Imagenette val/n03425413/ILSVRC2012_val_00004860.JPEG
n03425413_05.JPEG,gas_pump,Imagenette val/n03425413/ILSVRC2012_val_00007471.JPEG
n03425413_06.JPEG,gas_pump,Imagenette val/n03425413/ILSVRC2012_val_00009821.JPEG
n03425413_07.JPEG,gas_pump,Imagenette val/n03425413/ILSVRC2012_val_00017350.JPEG
n03425413_08.JPEG,gas_pump,Imagenette val/n03425413/ILSVRC2012_val_00020951.JPEG
n03425413_09.JPEG,gas_pump,Imagenette val/n03425413/ILSVRC2012_val_00022252.JPEG
n03425413_10.JPEG,gas_pump,Imagenette val/n03425413/ILSVRC2012_val_00031412.JPEG
n03425413_11.JPEG,gas_pump,Imagenette val/n03425413/ILSVRC2012_val_00032250.JPEG
n03425413_12.JPEG,gas_pump,Imagenette val/n03425413/ILSVRC2012_val_00035211.JPEG
n03425413_13.JPEG,gas_pump,Imagenette val/n03425413/ILSVRC2012_val_00035242.JPEG
n03425413_14.JPEG,gas_pump,Imagenette val/n03425413/ILSVRC2012_val_00044370.JPEG
n03425413_15.JPEG,gas_pump,Imagenette val/n03425413/n03425413_10022.JPEG
n03425413_16.JPEG,gas_pump,Imagenette val/n03425413/n03425413_10251.JPEG
n03425413_17.JPEG,gas_pump,Imagenette val/n03425413/n03425413_10350.JPEG
n03425413_18.JPEG,gas_pump,Imagenette val/n03425413/n03425413_10410.JPEG
n03425413_19.JPEG,gas_pump,Imagenette val/n03425413/n03425413_10450.JPEG
n03425413_20.JPEG,gas_pump,Imagenette val/n03425413/n03425413_10572.JPEG
n03425413_21.JPEG,gas_pump,Imagenette val/n03425413/n03425413_10621.JPEG
n03425413_22.JPEG,gas_pump,Imagenette val/n03425413/n03425413_10771.JPEG
n03425413_23.JPEG,gas_pump,Imagenette val/n03425413/n03425413_10792.JPEG
n03425413_24.JPEG,gas_pump,Imagenette val/n03425413/n03425413_10882.JPEG
n03425413_25.JPEG,gas_pump,Imagenette val/n03425413/n03425413_10942.JPEG
n03425413_26.JPEG,gas_pump,Imagenette val/n03425413/n03425413_11061.JPEG
n03425413_27.JPEG,gas_pump,Imagenette val/n03425413/n03425413_11092.JPEG
n03425413_28.JPEG,gas_pump,Imagenette val/n03425413/n03425413_11102.JPEG
n03425413_29.JPEG,gas_pump,Imagenette val/n03425413/n03425413_11161.JPEG
n03425413_30.JPEG,gas_pump,Imagenette val/n03425413/n03425413_11180.JPEG
n03425413_31.JPEG,gas_pump,Imagenette val/n03425413/n03425413_11311.JPEG
n03425413_32.JPEG,gas_pump,Imagenette val/n03425413/n03425413_11370.JPEG
n03425413_33.JPEG,gas_pump,Imagenette val/n03425413/n03425413_11460.JPEG
n03425413_34.JPEG,gas_pump,Imagenette val/n03425413/n03425413_11470.JPEG
n03425413_35.JPEG,gas_pump,Imagenette val/n03425413/n03425413_11592.JPEG
n03425413_36.JPEG,gas_pump,Imagenette val/n03425413/n03425413_11650.JPEG
n03425413_37.JPEG,gas_pump,Imagenette val/n03425413/n03425413_1172.JPEG
n03425413_38.JPEG,gas_pump,Imagenette val/n03425413/n03425413_11731.JPEG
n03425413_39.JPEG,gas_pump,Imagenette val/n03425413/n03425413_11910.JPEG
n03425413_40.JPEG,gas_pump,Imagenette val/n03425413/n03425413_12092.JPEG
n03425413_41.JPEG,gas_pump,Imagenette val/n03425413/n03425413_12270.JPEG
n03425413_42.JPEG,gas_pump,Imagenette val/n03425413/n03425413_1242.JPEG
n03425413_43.JPEG,gas_pump,Imagenette val/n03425413/n03425413_12672.JPEG
n03425413_44.JPEG,gas_pump,Imagenette val/n03425413/n03425413_12701.JPEG
n03425413_45.JPEG,gas_pump,Imagenette val/n03425413/n03425413_12710.JPEG
n03425413_46.JPEG,gas_pump,Imagenette val/n03425413/n03425413_12711.JPEG
n03425413_47.JPEG,gas_pump,Imagenette val/n03425413/n03425413_12712.JPEG
n03425413_48.JPEG,gas_pump,Imagenette val/n03425413/n03425413_12722.JPEG
n03425413_49.JPEG,gas_pump,Imagenette val/n03425413/n03425413_12761.JPEG
n03425413_50.JPEG,gas_pump,Imagenette val/n03425413/n03425413_12861.JPEG
n03425413_51.JPEG,gas_pump,Imagenette val/n03425413/n03425413_12921.JPEG
n03425413_52.JPEG,gas_pump,Imagenette val/n03425413/n03425413_12951.JPEG
n03425413_53.JPEG,gas_pump,Imagenette val/n03425413/n03425413_12962.JPEG
n03425413_54.JPEG,gas_pump,Imagenette val/n03425413/n03425413_12980.JPEG
n03425413_55.JPEG,gas_pump,Imagenette val/n03425413/n03425413_12982.JPEG
n03425413_56.JPEG,gas_pump,Imagenette val/n03425413/n03425413_13012.JPEG
n03425413_57.JPEG,gas_pump,Imagenette val/n03425413/n03425413_13060.JPEG
n03425413_58.JPEG,gas_pump,Imagenette val/n03425413/n03425413_13072.JPEG
n03425413_59.JPEG,gas_pump,Imagenette val/n03425413/n03425413_13080.JPEG
n03425413_60.JPEG,gas_pump,Imagenette val/n03425413/n03425413_13100.JPEG
n03425413_61.JPEG,gas_pump,Imagenette val/n03425413/n03425413_13120.JPEG
n03425413_62.JPEG,gas_pump,Imagenette val/n03425413/n03425413_13170.JPEG
n03425413_63.JPEG,gas_pump,Imagenette val/n03425413/n03425413_13180.JPEG
n03425413_64.JPEG,gas_pump,Imagenette val/n03425413/n03425413_13200.JPEG
n03425413_65.JPEG,gas_pump,Imagenette val/n03425413/n03425413_13230.JPEG
n03425413_66.JPEG,gas_pump,Imagenette val/n03425413/n03425413_13231.JPEG
n03425413_67.JPEG,gas_pump,Imagenette val/n03425413/n03425413_13232.JPEG
n03425413_68.JPEG,gas_pump,Imagenette val/n03425413/n03425413_13270.JPEG
n03425413_69.JPEG,gas_pump,Imagenette val/n03425413/n03425413_13381.JPEG
n03425413_70.JPEG,gas_pump,Imagenette val/n03425413/n03425413_13382.JPEG
n03425413_71.JPEG,gas_pump,Imagenette val/n03425413/n03425413_13390.JPEG
n03425413_72.JPEG,gas_pump,Imagenette val/n03425413/n03425413_1342.JPEG
n03425413_73.JPEG,gas_pump,Imagenette val/n03425413/n03425413_13502.JPEG
n03425413_74.JPEG,gas_pump,Imagenette val/n03425413/n03425413_1351.JPEG
n03425413_75.JPEG,gas_pump,Imagenette val/n03425413/n03425413_13572.JPEG
n03425413_76.JPEG,gas_pump,Imagenette val/n03425413/n03425413_13581.JPEG
n03425413_77.JPEG,gas_pump,Imagenette val/n03425413/n03425413_13582.JPEG
n03425413_78.JPEG,gas_pump,Imagenette val/n03425413/n03425413_13600.JPEG
n03425413_79.JPEG,gas_pump,Imagenette val/n03425413/n03425413_13620.JPEG
n03425413_80.JPEG,gas_pump,Imagenette val/n03425413/n03425413_13642.JPEG
n03425413_81.JPEG,gas_pump,Imagenette val/n03425413/n03425413_13672.JPEG
n03425413_82.JPEG,gas_pump,Imagenette val/n03425413/n03425413_13702.JPEG
n03425413_83.JPEG,gas_pump,Imagenette val/n03425413/n03425413_13741.JPEG
n03425413_84.JPEG,gas_pump,Imagenette val/n03425413/n03425413_13751.JPEG
n03425413_85.JPEG,gas_pump,Imagenette val/n03425413/n03425413_13752.JPEG
n03425413_86.JPEG,gas_pump,Imagenette val/n03425413/n03425413_13770.JPEG
n03425413_87.JPEG,gas_pump,Imagenette val/n03425413/n03425413_13772.JPEG
n03425413_88.JPEG,gas_pump,Imagenette val/n03425413/n03425413_1381.JPEG
n03425413_89.JPEG,gas_pump,Imagenette val/n03425413/n03425413_13811.JPEG
n03425413_90.JPEG,gas_pump,Imagenette val/n03425413/n03425413_13821.JPEG
n03425413_91.JPEG,gas_pump,Imagenette val/n03425413/n03425413_13831.JPEG
n03425413_92.JPEG,gas_pump,Imagenette val/n03425413/n03425413_13862.JPEG
n03425413_93.JPEG,gas_pump,Imagenette val/n03425413/n03425413_13922.JPEG
n03425413_94.JPEG,gas_pump,Imagenette val/n03425413/n03425413_13970.JPEG
n03425413_95.JPEG,gas_pump,Imagenette val/n03425413/n03425413_13971.JPEG
n03425413_96.JPEG,gas_pump,Imagenette val/n03425413/n03425413_1400.JPEG
n03425413_97.JPEG,gas_pump,Imagenette val/n03425413/n03425413_14012.JPEG
n03425413_98.JPEG,gas_pump,Imagenette val/n03425413/n03425413_14030.JPEG
n03425413_99.JPEG,gas_pump,Imagenette val/n03425413/n03425413_14040.JPEG
n03425413_100.JPEG,gas_pump,Imagenette val/n03425413/n03425413_14081.JPEG
n03445777_01.JPEG,golf_ball,Imagenette val/n03445777/ILSVRC2012_val_00008161.JPEG
n03445777_02.JPEG,golf_ball,Imagenette val/n03445777/ILSVRC2012_val_00009902.JPEG
n03445777_03.JPEG,golf_ball,Imagenette val/n03445777/ILSVRC2012_val_00011431.JPEG
n03445777_04.JPEG,golf_ball,Imagenette val/n03445777/ILSVRC2012_val_00011581.JPEG
n03445777_05.JPEG,golf_ball,Imagenette val/n03445777/ILSVRC2012_val_00014102.JPEG
n03445777_06.JPEG,golf_ball,Imagenette val/n03445777/ILSVRC2012_val_00020502.JPEG
n03445777_07.JPEG,golf_ball,Imagenette val/n03445777/ILSVRC2012_val_00020781.JPEG
n03445777_08.JPEG,golf_ball,Imagenette val/n03445777/ILSVRC2012_val_00022792.JPEG
n03445777_09.JPEG,golf_ball,Imagenette val/n03445777/ILSVRC2012_val_00025591.JPEG
n03445777_10.JPEG,golf_ball,Imagenette val/n03445777/ILSVRC2012_val_00036171.JPEG
n03445777_11.JPEG,golf_ball,Imagenette val/n03445777/ILSVRC2012_val_00038790.JPEG
n03445777_12.JPEG,golf_ball,Imagenette val/n03445777/ILSVRC2012_val_00041672.JPEG
n03445777_13.JPEG,golf_ball,Imagenette val/n03445777/ILSVRC2012_val_00042350.JPEG
n03445777_14.JPEG,golf_ball,Imagenette val/n03445777/n03445777_1002.JPEG
n03445777_15.JPEG,golf_ball,Imagenette val/n03445777/n03445777_10030.JPEG
n03445777_16.JPEG,golf_ball,Imagenette val/n03445777/n03445777_10042.JPEG
n03445777_17.JPEG,golf_ball,Imagenette val/n03445777/n03445777_10071.JPEG
n03445777_18.JPEG,golf_ball,Imagenette val/n03445777/n03445777_101.JPEG
n03445777_19.JPEG,golf_ball,Imagenette val/n03445777/n03445777_10141.JPEG
n03445777_20.JPEG,golf_ball,Imagenette val/n03445777/n03445777_10401.JPEG
n03445777_21.JPEG,golf_ball,Imagenette val/n03445777/n03445777_10410.JPEG
n03445777_22.JPEG,golf_ball,Imagenette val/n03445777/n03445777_10442.JPEG
n03445777_23.JPEG,golf_ball,Imagenette val/n03445777/n03445777_10520.JPEG
n03445777_24.JPEG,golf_ball,Imagenette val/n03445777/n03445777_10550.JPEG
n03445777_25.JPEG,golf_ball,Imagenette val/n03445777/n03445777_10560.JPEG
n03445777_26.JPEG,golf_ball,Imagenette val/n03445777/n03445777_10581.JPEG
n03445777_27.JPEG,golf_ball,Imagenette val/n03445777/n03445777_10592.JPEG
n03445777_28.JPEG,golf_ball,Imagenette val/n03445777/n03445777_10622.JPEG
n03445777_29.JPEG,golf_ball,Imagenette val/n03445777/n03445777_10632.JPEG
n03445777_30.JPEG,golf_ball,Imagenette val/n03445777/n03445777_10671.JPEG
n03445777_31.JPEG,golf_ball,Imagenette val/n03445777/n03445777_1072.JPEG
n03445777_32.JPEG,golf_ball,Imagenette val/n03445777/n03445777_10721.JPEG
n03445777_33.JPEG,golf_ball,Imagenette val/n03445777/n03445777_10750.JPEG
n03445777_34.JPEG,golf_ball,Imagenette val/n03445777/n03445777_10760.JPEG
n03445777_35.JPEG,golf_ball,Imagenette val/n03445777/n03445777_10762.JPEG
n03445777_36.JPEG,golf_ball,Imagenette val/n03445777/n03445777_10782.JPEG
n03445777_37.JPEG,golf_ball,Imagenette val/n03445777/n03445777_10862.JPEG
n03445777_38.JPEG,golf_ball,Imagenette val/n03445777/n03445777_1091.JPEG
n03445777_39.JPEG,golf_ball,Imagenette val/n03445777/n03445777_110.JPEG
n03445777_40.JPEG,golf_ball,Imagenette val/n03445777/n03445777_11011.JPEG
n03445777_41.JPEG,golf_ball,Imagenette val/n03445777/n03445777_11122.JPEG
n03445777_42.JPEG,golf_ball,Imagenette val/n03445777/n03445777_11150.JPEG
n03445777_43.JPEG,golf_ball,Imagenette val/n03445777/n03445777_11162.JPEG
n03445777_44.JPEG,golf_ball,Imagenette val/n03445777/n03445777_11171.JPEG
n03445777_45.JPEG,golf_ball,Imagenette val/n03445777/n03445777_1132.JPEG
n03445777_46.JPEG,golf_ball,Imagenette val/n03445777/n03445777_11401.JPEG
n03445777_47.JPEG,golf_ball,Imagenette val/n03445777/n03445777_11481.JPEG
n03445777_48.JPEG,golf_ball,Imagenette val/n03445777/n03445777_1152.JPEG
n03445777_49.JPEG,golf_ball,Imagenette val/n03445777/n03445777_11642.JPEG
n03445777_50.JPEG,golf_ball,Imagenette val/n03445777/n03445777_11690.JPEG
n03445777_51.JPEG,golf_ball,Imagenette val/n03445777/n03445777_11822.JPEG
n03445777_52.JPEG,golf_ball,Imagenette val/n03445777/n03445777_12030.JPEG
n03445777_53.JPEG,golf_ball,Imagenette val/n03445777/n03445777_12172.JPEG
n03445777_54.JPEG,golf_ball,Imagenette val/n03445777/n03445777_12202.JPEG
n03445777_55.JPEG,golf_ball,Imagenette val/n03445777/n03445777_12262.JPEG
n03445777_56.JPEG,golf_ball,Imagenette val/n03445777/n03445777_12480.JPEG
n03445777_57.JPEG,golf_ball,Imagenette val/n03445777/n03445777_12490.JPEG
n03445777_58.JPEG,golf_ball,Imagenette val/n03445777/n03445777_12500.JPEG
n03445777_59.JPEG,golf_ball,Imagenette val/n03445777/n03445777_1252.JPEG
n03445777_60.JPEG,golf_ball,Imagenette val/n03445777/n03445777_12640.JPEG
n03445777_61.JPEG,golf_ball,Imagenette val/n03445777/n03445777_12772.JPEG
n03445777_62.JPEG,golf_ball,Imagenette val/n03445777/n03445777_1281.JPEG
n03445777_63.JPEG,golf_ball,Imagenette val/n03445777/n03445777_12830.JPEG
n03445777_64.JPEG,golf_ball,Imagenette val/n03445777/n03445777_12862.JPEG
n03445777_65.JPEG,golf_ball,Imagenette val/n03445777/n03445777_12882.JPEG
n03445777_66.JPEG,golf_ball,Imagenette val/n03445777/n03445777_1291.JPEG
n03445777_67.JPEG,golf_ball,Imagenette val/n03445777/n03445777_1292.JPEG
n03445777_68.JPEG,golf_ball,Imagenette val/n03445777/n03445777_12920.JPEG
n03445777_69.JPEG,golf_ball,Imagenette val/n03445777/n03445777_13011.JPEG
n03445777_70.JPEG,golf_ball,Imagenette val/n03445777/n03445777_1311.JPEG
n03445777_71.JPEG,golf_ball,Imagenette val/n03445777/n03445777_13161.JPEG
n03445777_72.JPEG,golf_ball,Imagenette val/n03445777/n03445777_13311.JPEG
n03445777_73.JPEG,golf_ball,Imagenette val/n03445777/n03445777_13462.JPEG
n03445777_74.JPEG,golf_ball,Imagenette val/n03445777/n03445777_13480.JPEG
n03445777_75.JPEG,golf_ball,Imagenette val/n03445777/n03445777_13490.JPEG
n03445777_76.JPEG,golf_ball,Imagenette val/n03445777/n03445777_13570.JPEG
n03445777_77.JPEG,golf_ball,Imagenette val/n03445777/n03445777_13640.JPEG
n03445777_78.JPEG,golf_ball,Imagenette val/n03445777/n03445777_13671.JPEG
n03445777_79.JPEG,golf_ball,Imagenette val/n03445777/n03445777_13672.JPEG
n03445777_80.JPEG,golf_ball,Imagenette val/n03445777/n03445777_13680.JPEG
n03445777_81.JPEG,golf_ball,Imagenette val/n03445777/n03445777_13831.JPEG
n03445777_82.JPEG,golf_ball,Imagenette val/n03445777/n03445777_1390.JPEG
n03445777_83.JPEG,golf_ball,Imagenette val/n03445777/n03445777_13911.JPEG
n03445777_84.JPEG,golf_ball,Imagenette val/n03445777/n03445777_13960.JPEG
n03445777_85.JPEG,golf_ball,Imagenette val/n03445777/n03445777_1401.JPEG
n03445777_86.JPEG,golf_ball,Imagenette val/n03445777/n03445777_14051.JPEG
n03445777_87.JPEG,golf_ball,Imagenette val/n03445777/n03445777_14112.JPEG
n03445777_88.JPEG,golf_ball,Imagenette val/n03445777/n03445777_14232.JPEG
n03445777_89.JPEG,golf_ball,Imagenette val/n03445777/n03445777_14281.JPEG
n03445777_90.JPEG,golf_ball,Imagenette val/n03445777/n03445777_14301.JPEG
n03445777_91.JPEG,golf_ball,Imagenette val/n03445777/n03445777_14362.JPEG
n03445777_92.JPEG,golf_ball,Imagenette val/n03445777/n03445777_14381.JPEG
n03445777_93.JPEG,golf_ball,Imagenette val/n03445777/n03445777_1452.JPEG
n03445777_94.JPEG,golf_ball,Imagenette val/n03445777/n03445777_14531.JPEG
n03445777_95.JPEG,golf_ball,Imagenette val/n03445777/n03445777_1460.JPEG
n03445777_96.JPEG,golf_ball,Imagenette val/n03445777/n03445777_14720.JPEG
n03445777_97.JPEG,golf_ball,Imagenette val/n03445777/n03445777_14731.JPEG
n03445777_98.JPEG,golf_ball,Imagenette val/n03445777/n03445777_1482.JPEG
n03445777_99.JPEG,golf_ball,Imagenette val/n03445777/n03445777_15110.JPEG
n03445777_100.JPEG,golf_ball,Imagenette val/n03445777/n03445777_15131.JPEG
n03888257_01.JPEG,parachute,Imagenette val/n03888257/ILSVRC2012_val_00001440.JPEG
n03888257_02.JPEG,parachute,Imagenette val/n03888257/ILSVRC2012_val_00002990.JPEG
n03888257_03.JPEG,parachute,Imagenette val/n03888257/ILSVRC2012_val_00006561.JPEG
n03888257_04.JPEG,parachute,Imagenette val/n03888257/ILSVRC2012_val_00009370.JPEG
n03888257_05.JPEG,parachute,Imagenette val/n03888257/ILSVRC2012_val_00010460.JPEG
n03888257_06.JPEG,parachute,Imagenette val/n03888257/ILSVRC2012_val_00014381.JPEG
n03888257_07.JPEG,parachute,Imagenette val/n03888257/ILSVRC2012_val_00017020.JPEG
n03888257_08.JPEG,parachute,Imagenette val/n03888257/ILSVRC2012_val_00024340.JPEG
n03888257_09.JPEG,parachute,Imagenette val/n03888257/ILSVRC2012_val_00025121.JPEG
n03888257_10.JPEG,parachute,Imagenette val/n03888257/ILSVRC2012_val_00032482.JPEG
n03888257_11.JPEG,parachute,Imagenette val/n03888257/ILSVRC2012_val_00037770.JPEG
n03888257_12.JPEG,parachute,Imagenette val/n03888257/ILSVRC2012_val_00038942.JPEG
n03888257_13.JPEG,parachute,Imagenette val/n03888257/ILSVRC2012_val_00042262.JPEG
n03888257_14.JPEG,parachute,Imagenette val/n03888257/ILSVRC2012_val_00044850.JPEG
n03888257_15.JPEG,parachute,Imagenette val/n03888257/n03888257_10050.JPEG
n03888257_16.JPEG,parachute,Imagenette val/n03888257/n03888257_10092.JPEG
n03888257_17.JPEG,parachute,Imagenette val/n03888257/n03888257_10210.JPEG
n03888257_18.JPEG,parachute,Imagenette val/n03888257/n03888257_10271.JPEG
n03888257_19.JPEG,parachute,Imagenette val/n03888257/n03888257_10341.JPEG
n03888257_20.JPEG,parachute,Imagenette val/n03888257/n03888257_10380.JPEG
n03888257_21.JPEG,parachute,Imagenette val/n03888257/n03888257_10402.JPEG
n03888257_22.JPEG,parachute,Imagenette val/n03888257/n03888257_10661.JPEG
n03888257_23.JPEG,parachute,Imagenette val/n03888257/n03888257_10680.JPEG
n03888257_24.JPEG,parachute,Imagenette val/n03888257/n03888257_10721.JPEG
n03888257_25.JPEG,parachute,Imagenette val/n03888257/n03888257_10892.JPEG
n03888257_26.JPEG,parachute,Imagenette val/n03888257/n03888257_10980.JPEG
n03888257_27.JPEG,parachute,Imagenette val/n03888257/n03888257_1100.JPEG
n03888257_28.JPEG,parachute,Imagenette val/n03888257/n03888257_11042.JPEG
n03888257_29.JPEG,parachute,Imagenette val/n03888257/n03888257_11081.JPEG
n03888257_30.JPEG,parachute,Imagenette val/n03888257/n03888257_11210.JPEG
n03888257_31.JPEG,parachute,Imagenette val/n03888257/n03888257_11222.JPEG
n03888257_32.JPEG,parachute,Imagenette val/n03888257/n03888257_11282.JPEG
n03888257_33.JPEG,parachute,Imagenette val/n03888257/n03888257_11450.JPEG
n03888257_34.JPEG,parachute,Imagenette val/n03888257/n03888257_11452.JPEG
n03888257_35.JPEG,parachute,Imagenette val/n03888257/n03888257_11491.JPEG
n03888257_36.JPEG,parachute,Imagenette val/n03888257/n03888257_11561.JPEG
n03888257_37.JPEG,parachute,Imagenette val/n03888257/n03888257_11580.JPEG
n03888257_38.JPEG,parachute,Imagenette val/n03888257/n03888257_1171.JPEG
n03888257_39.JPEG,parachute,Imagenette val/n03888257/n03888257_11730.JPEG
n03888257_40.JPEG,parachute,Imagenette val/n03888257/n03888257_11802.JPEG
n03888257_41.JPEG,parachute,Imagenette val/n03888257/n03888257_11901.JPEG
n03888257_42.JPEG,parachute,Imagenette val/n03888257/n03888257_11912.JPEG
n03888257_43.JPEG,parachute,Imagenette val/n03888257/n03888257_11931.JPEG
n03888257_44.JPEG,parachute,Imagenette val/n03888257/n03888257_12.JPEG
n03888257_45.JPEG,parachute,Imagenette val/n03888257/n03888257_12070.JPEG
n03888257_46.JPEG,parachute,Imagenette val/n03888257/n03888257_121.JPEG
n03888257_47.JPEG,parachute,Imagenette val/n03888257/n03888257_12212.JPEG
n03888257_48.JPEG,parachute,Imagenette val/n03888257/n03888257_1222.JPEG
n03888257_49.JPEG,parachute,Imagenette val/n03888257/n03888257_12301.JPEG
n03888257_50.JPEG,parachute,Imagenette val/n03888257/n03888257_12331.JPEG
n03888257_51.JPEG,parachute,Imagenette val/n03888257/n03888257_12400.JPEG
n03888257_52.JPEG,parachute,Imagenette val/n03888257/n03888257_12401.JPEG
n03888257_53.JPEG,parachute,Imagenette val/n03888257/n03888257_12491.JPEG
n03888257_54.JPEG,parachute,Imagenette val/n03888257/n03888257_12501.JPEG
n03888257_55.JPEG,parachute,Imagenette val/n03888257/n03888257_1251.JPEG
n03888257_56.JPEG,parachute,Imagenette val/n03888257/n03888257_12560.JPEG
n03888257_57.JPEG,parachute,Imagenette val/n03888257/n03888257_12641.JPEG
n03888257_58.JPEG,parachute,Imagenette val/n03888257/n03888257_12752.JPEG
n03888257_59.JPEG,parachute,Imagenette val/n03888257/n03888257_12801.JPEG
n03888257_60.JPEG,parachute,Imagenette val/n03888257/n03888257_12811.JPEG
n03888257_61.JPEG,parachute,Imagenette val/n03888257/n03888257_12831.JPEG
n03888257_62.JPEG,parachute,Imagenette val/n03888257/n03888257_12842.JPEG
n03888257_63.JPEG,parachute,Imagenette val/n03888257/n03888257_12900.JPEG
n03888257_64.JPEG,parachute,Imagenette val/n03888257/n03888257_1291.JPEG
n03888257_65.JPEG,parachute,Imagenette val/n03888257/n03888257_13072.JPEG
n03888257_66.JPEG,parachute,Imagenette val/n03888257/n03888257_13100.JPEG
n03888257_67.JPEG,parachute,Imagenette val/n03888257/n03888257_13242.JPEG
n03888257_68.JPEG,parachute,Imagenette val/n03888257/n03888257_13290.JPEG
n03888257_69.JPEG,parachute,Imagenette val/n03888257/n03888257_13321.JPEG
n03888257_70.JPEG,parachute,Imagenette val/n03888257/n03888257_13410.JPEG
n03888257_71.JPEG,parachute,Imagenette val/n03888257/n03888257_13600.JPEG
n03888257_72.JPEG,parachute,Imagenette val/n03888257/n03888257_13681.JPEG
n03888257_73.JPEG,parachute,Imagenette val/n03888257/n03888257_13790.JPEG
n03888257_74.JPEG,parachute,Imagenette val/n03888257/n03888257_14090.JPEG
n03888257_75.JPEG,parachute,Imagenette val/n03888257/n03888257_142.JPEG
n03888257_76.JPEG,parachute,Imagenette val/n03888257/n03888257_1421.JPEG
n03888257_77.JPEG,parachute,Imagenette val/n03888257/n03888257_1430.JPEG
n03888257_78.JPEG,parachute,Imagenette val/n03888257/n03888257_14472.JPEG
n03888257_79.JPEG,parachute,Imagenette val/n03888257/n03888257_14530.JPEG
n03888257_80.JPEG,parachute,Imagenette val/n03888257/n03888257_14901.JPEG
n03888257_81.JPEG,parachute,Imagenette val/n03888257/n03888257_15312.JPEG
n03888257_82.JPEG,parachute,Imagenette val/n03888257/n03888257_15382.JPEG
n03888257_83.JPEG,parachute,Imagenette val/n03888257/n03888257_15491.JPEG
n03888257_84.JPEG,parachute,Imagenette val/n03888257/n03888257_15840.JPEG
n03888257_85.JPEG,parachute,Imagenette val/n03888257/n03888257_16081.JPEG
n03888257_86.JPEG,parachute,Imagenette val/n03888257/n03888257_16112.JPEG
n03888257_87.JPEG,parachute,Imagenette val/n03888257/n03888257_16211.JPEG
n03888257_88.JPEG,parachute,Imagenette val/n03888257/n03888257_16542.JPEG
n03888257_89.JPEG,parachute,Imagenette val/n03888257/n03888257_16741.JPEG
n03888257_90.JPEG,parachute,Imagenette val/n03888257/n03888257_16912.JPEG
n03888257_91.JPEG,parachute,Imagenette val/n03888257/n03888257_16991.JPEG
n03888257_92.JPEG,parachute,Imagenette val/n03888257/n03888257_17031.JPEG
n03888257_93.JPEG,parachute,Imagenette val/n03888257/n03888257_171.JPEG
n03888257_94.JPEG,parachute,Imagenette val/n03888257/n03888257_17340.JPEG
n03888257_95.JPEG,parachute,Imagenette val/n03888257/n03888257_17380.JPEG
n03888257_96.JPEG,parachute,Imagenette val/n03888257/n03888257_17421.JPEG
n03888257_97.JPEG,parachute,Imagenette val/n03888257/n03888257_17542.JPEG
n03888257_98.JPEG,parachute,Imagenette val/n03888257/n03888257_17641.JPEG
n03888257_99.JPEG,parachute,Imagenette val/n03888257/n03888257_17690.JPEG
n03888257_100.JPEG,parachute,Imagenette val/n03888257/n03888257_17801.JPEG
