frame,tempo_s,rx_rad,ry_rad,rz_rad,tx_m,ty_m,tz_m,reproj_rms_px,jitter_px
0,0.0,0.18184,-0.05983,0.18236,-0.12,-0.00519,0.71104,0.0452,0.0
1,0.0333,0.19157,-0.05356,0.18678,-0.11663,-0.00523,0.70922,0.0446,0.0
2,0.0667,0.20139,-0.04683,0.19085,-0.11327,-0.00537,0.70727,0.0406,0.138
3,0.1,0.21132,-0.04044,0.19457,-0.10992,-0.00558,0.70515,0.0413,0.1223
4,0.1333,0.22082,-0.03421,0.19791,-0.10658,-0.0059,0.70286,0.0385,0.147
5,0.1667,0.23056,-0.02797,0.20079,-0.10327,-0.00629,0.7004,0.0428,0.1257
6,0.2,0.23945,-0.02175,0.2034,-0.09998,-0.00679,0.69792,0.0389,0.1749
7,0.2333,0.24914,-0.01547,0.20554,-0.09674,-0.00736,0.69518,0.043,0.1257
8,0.2667,0.2587,-0.01,0.2073,-0.09352,-0.00801,0.6922,0.0411,0.1333
9,0.3,0.26784,-0.00454,0.2087,-0.09036,-0.00875,0.68923,0.0439,0.1441
10,0.3333,0.27664,0.00164,0.20948,-0.08727,-0.00957,0.68618,0.0414,0.1706
11,0.3667,0.28552,0.00715,0.21008,-0.08422,-0.01047,0.68297,0.0457,0.1399
12,0.4,0.29439,0.01223,0.21022,-0.08123,-0.01144,0.67955,0.0436,0.1373
13,0.4333,0.3028,0.01779,0.2099,-0.07833,-0.01251,0.67613,0.0402,0.1828
14,0.4667,0.31085,0.02261,0.20929,-0.07548,-0.01365,0.67258,0.0427,0.1435
15,0.5,0.31907,0.02737,0.20819,-0.07272,-0.01485,0.66888,0.0367,0.1635
16,0.5333,0.32685,0.03203,0.20681,-0.07003,-0.01614,0.66514,0.0404,0.1607
17,0.5667,0.33443,0.03634,0.20499,-0.06745,-0.01748,0.66131,0.0414,0.1691
18,0.6,0.34149,0.0408,0.20272,-0.06495,-0.0189,0.65749,0.0406,0.1712
19,0.6333,0.34854,0.04478,0.20017,-0.06255,-0.02038,0.6535,0.0392,0.1746
20,0.6667,0.35511,0.0488,0.1972,-0.06026,-0.02193,0.64951,0.0417,0.1871
21,0.7,0.36125,0.05253,0.19387,-0.05808,-0.02353,0.64554,0.0352,0.1624
22,0.7333,0.36736,0.05601,0.19024,-0.056,-0.02519,0.6414,0.0407,0.1975
23,0.7667,0.37327,0.0593,0.18626,-0.05403,-0.0269,0.63724,0.0389,0.1808
24,0.8,0.37897,0.06221,0.18198,-0.05218,-0.02866,0.63299,0.035,0.1854
25,0.8333,0.38362,0.06482,0.17737,-0.05045,-0.03047,0.62882,0.0363,0.2063
26,0.8667,0.38879,0.06765,0.17241,-0.04885,-0.03232,0.62459,0.0378,0.1901
27,0.9,0.39295,0.06969,0.16725,-0.04737,-0.03422,0.62038,0.0389,0.2225
28,0.9333,0.39671,0.07171,0.1617,-0.04602,-0.03615,0.61621,0.038,0.1868
29,0.9667,0.40046,0.07377,0.15592,-0.0448,-0.03812,0.61197,0.0411,0.2421
30,1.0,0.40373,0.0756,0.14986,-0.04372,-0.04011,0.60779,0.0412,0.2062
31,1.0333,0.40639,0.07686,0.14358,-0.04277,-0.04214,0.60365,0.0394,0.2081
32,1.0667,0.40883,0.07803,0.13706,-0.04196,-0.04419,0.59952,0.0374,0.2302
33,1.1,0.41085,0.07921,0.1303,-0.04128,-0.04626,0.59543,0.0404,0.2225
34,1.1333,0.41252,0.07984,0.12332,-0.04076,-0.04833,0.59134,0.0413,0.2395
35,1.1667,0.41405,0.08057,0.11607,-0.04037,-0.05042,0.58727,0.0405,0.2365
36,1.2,0.41474,0.08087,0.10872,-0.04011,-0.05253,0.58334,0.0387,0.2218
37,1.2333,0.41541,0.08118,0.10112,-0.04002,-0.05463,0.57943,0.0358,0.2731
38,1.2667,0.41561,0.0812,0.09341,-0.04005,-0.05673,0.57559,0.0339,0.2174
39,1.3,0.41513,0.08098,0.08561,-0.04022,-0.05884,0.5719,0.0376,0.2383
40,1.3333,0.41428,0.08069,0.07761,-0.04054,-0.06094,0.56826,0.0374,0.2567
41,1.3667,0.4132,0.08019,0.06942,-0.04101,-0.06301,0.56469,0.0401,0.2644
42,1.4,0.41146,0.07935,0.06129,-0.0416,-0.06509,0.56123,0.0428,0.2232
43,1.4333,0.40985,0.07912,0.05294,-0.04236,-0.06715,0.55787,0.0421,0.31
44,1.4667,0.40743,0.07778,0.04461,-0.04323,-0.06917,0.5546,0.0445,0.1966
45,1.5,0.4048,0.07678,0.0362,-0.04424,-0.07119,0.55144,0.0471,0.2745
46,1.5333,0.40134,0.07558,0.0277,-0.04539,-0.07317,0.54841,0.0456,0.2642
47,1.5667,0.39771,0.0745,0.01914,-0.04667,-0.07512,0.54561,0.0522,0.2389
48,1.6,0.39348,0.07291,0.01062,-0.04808,-0.07705,0.54287,0.0547,0.25
49,1.6333,0.38913,0.07153,0.00194,-0.04963,-0.0789,0.54027,0.0548,0.2796
50,1.6667,0.38408,0.06986,-0.00651,-0.05129,-0.08074,0.53781,0.055,0.2364
51,1.7,0.37918,0.069,-0.0151,-0.05309,-0.08254,0.53553,0.0527,0.2951
52,1.7333,0.3736,0.06661,-0.02356,-0.05499,-0.08427,0.53331,0.0564,0.1923
53,1.7667,0.36761,0.06514,-0.03204,-0.05702,-0.08596,0.53131,0.0513,0.2866
54,1.8,0.36197,0.06361,-0.04044,-0.05915,-0.08759,0.52946,0.0464,0.2409
55,1.8333,0.35498,0.06121,-0.04879,-0.06139,-0.08916,0.52774,0.0481,0.2002
56,1.8667,0.34894,0.05975,-0.05702,-0.06374,-0.09067,0.52616,0.0469,0.3102
57,1.9,0.34107,0.05773,-0.06513,-0.06619,-0.09213,0.52485,0.045,0.1746
58,1.9333,0.33359,0.05582,-0.07318,-0.06873,-0.09351,0.52364,0.0404,0.2666
59,1.9667,0.32599,0.05345,-0.08107,-0.07137,-0.09482,0.52258,0.0437,0.2392
60,2.0,0.31746,0.05174,-0.08883,-0.07409,-0.09608,0.52182,0.0395,0.2051
61,2.0333,0.30905,0.04968,-0.09642,-0.07689,-0.09725,0.52114,0.0416,0.2412
62,2.0667,0.30049,0.04757,-0.10388,-0.07976,-0.09835,0.52063,0.0441,0.2392
63,2.1,0.29176,0.0455,-0.11114,-0.08271,-0.09937,0.5203,0.039,0.2227
64,2.1333,0.28272,0.04329,-0.11824,-0.08573,-0.10031,0.52016,0.0465,0.2273
65,2.1667,0.2736,0.04094,-0.12519,-0.08881,-0.10116,0.52015,0.0433,0.2441
66,2.2,0.26403,0.03851,-0.13184,-0.09194,-0.10195,0.52032,0.0439,0.192
67,2.2333,0.25413,0.03675,-0.1383,-0.09513,-0.10266,0.52077,0.0449,0.2408
68,2.2667,0.24424,0.03447,-0.14453,-0.09835,-0.10327,0.52132,0.0401,0.228
69,2.3,0.23426,0.03222,-0.15061,-0.10162,-0.10379,0.52206,0.0425,0.2587
70,2.3333,0.22342,0.03037,-0.15625,-0.10492,-0.10425,0.52305,0.0433,0.1845
71,2.3667,0.21421,0.02759,-0.16186,-0.10824,-0.10458,0.52403,0.0408,0.307
72,2.4,0.20384,0.02574,-0.16707,-0.11159,-0.10485,0.52532,0.0446,0.1959
73,2.4333,0.19334,0.02331,-0.17201,-0.11495,-0.10503,0.52674,0.0354,0.2432
74,2.4667,0.18296,0.0209,-0.17666,-0.11832,-0.10513,0.52833,0.0433,0.2407
75,2.5,0.17275,0.01909,-0.18102,-0.12169,-0.10513,0.53011,0.0418,0.2582
76,2.5333,0.16239,0.01671,-0.18511,-0.12507,-0.10504,0.53203,0.0393,0.247
77,2.5667,0.15204,0.01398,-0.1889,-0.12843,-0.10486,0.53405,0.0438,0.2285
78,2.6,0.14135,0.01147,-0.19237,-0.13177,-0.10459,0.53627,0.0383,0.2571
79,2.6333,0.13026,0.00938,-0.19553,-0.1351,-0.10425,0.53873,0.0414,0.2489
80,2.6667,0.11986,0.00692,-0.19837,-0.1384,-0.10381,0.54125,0.0387,0.2568
81,2.7,0.11021,0.00459,-0.20088,-0.14167,-0.10328,0.5439,0.0379,0.2631
82,2.7333,0.09954,0.00136,-0.20308,-0.14489,-0.10266,0.54667,0.0408,0.2524
83,2.7667,0.08935,-0.00185,-0.20498,-0.14807,-0.10197,0.54956,0.0371,0.2507
84,2.8,0.07894,-0.0045,-0.20651,-0.1512,-0.10118,0.55266,0.0445,0.2712
85,2.8333,0.06986,-0.00702,-0.2076,-0.15428,-0.10034,0.55583,0.0417,0.2449
86,2.8667,0.06068,-0.01008,-0.20847,-0.1573,-0.09938,0.55909,0.0457,0.2554
87,2.9,0.05061,-0.013,-0.20898,-0.16026,-0.09836,0.56253,0.0425,0.2565
88,2.9333,0.04105,-0.01656,-0.20915,-0.16313,-0.09726,0.56597,0.0457,0.2392
89,2.9667,0.03237,-0.01973,-0.20897,-0.16593,-0.09609,0.5696,0.041,0.2786
90,3.0,0.02373,-0.02302,-0.20846,-0.16866,-0.09485,0.57334,0.0444,0.2551
91,3.0333,0.01574,-0.02659,-0.20755,-0.17129,-0.09354,0.57705,0.0442,0.2118
92,3.0667,0.00726,-0.0301,-0.20639,-0.17383,-0.09215,0.5809,0.0452,0.2524
93,3.1,-0.0011,-0.03421,-0.20488,-0.17628,-0.09069,0.58479,0.0403,0.2394
94,3.1333,-0.00856,-0.03821,-0.20296,-0.17862,-0.08918,0.58876,0.046,0.2523
95,3.1667,-0.01549,-0.04214,-0.20072,-0.18086,-0.08761,0.59276,0.0461,0.2152
96,3.2,-0.02222,-0.04623,-0.19816,-0.183,-0.08598,0.59683,0.0413,0.2344
97,3.2333,-0.02856,-0.05033,-0.19527,-0.18503,-0.0843,0.60102,0.0419,0.2528
98,3.2667,-0.03553,-0.05434,-0.19202,-0.18693,-0.08256,0.60518,0.0396,0.1979
99,3.3,-0.04154,-0.05883,-0.18846,-0.18872,-0.08077,0.60939,0.0412,0.2316
100,3.3333,-0.0471,-0.06337,-0.18459,-0.19039,-0.07894,0.6136,0.0397,0.2147
101,3.3667,-0.05235,-0.06881,-0.18046,-0.19193,-0.07707,0.61777,0.0419,0.2086
102,3.4,-0.05674,-0.07337,-0.17594,-0.19335,-0.07516,0.62204,0.0363,0.213
103,3.4333,-0.06045,-0.0781,-0.17117,-0.19463,-0.0732,0.62627,0.0462,0.1998
104,3.4667,-0.06382,-0.08353,-0.16607,-0.19577,-0.07123,0.63042,0.045,0.1971
105,3.5,-0.06713,-0.08856,-0.16078,-0.19679,-0.06921,0.63463,0.0387,0.1921
106,3.5333,-0.06941,-0.09451,-0.15508,-0.19766,-0.06718,0.6387,0.04,0.1838
107,3.5667,-0.07278,-0.09999,-0.14927,-0.19841,-0.06511,0.64286,0.0451,0.2045
108,3.6,-0.07389,-0.10631,-0.14305,-0.199,-0.06305,0.64681,0.0409,0.1631
109,3.6333,-0.07601,-0.11202,-0.13667,-0.19946,-0.06095,0.65089,0.0439,0.2067
110,3.6667,-0.07716,-0.11709,-0.12989,-0.19979,-0.05886,0.65497,0.0428,0.1659
111,3.7,-0.07774,-0.12297,-0.12291,-0.19996,-0.05676,0.65889,0.0426,0.1759
112,3.7333,-0.07752,-0.12925,-0.11576,-0.2,-0.05466,0.66271,0.042,0.1526
113,3.7667,-0.07698,-0.13461,-0.10836,-0.19989,-0.05255,0.6665,0.0417,0.1507
114,3.8,-0.07537,-0.14057,-0.10069,-0.19964,-0.05045,0.67019,0.0448,0.1641
115,3.8333,-0.07424,-0.14663,-0.09288,-0.19926,-0.04836,0.67387,0.0433,0.1768
116,3.8667,-0.07243,-0.15164,-0.08488,-0.19875,-0.04627,0.67748,0.0441,0.11
117,3.9,-0.06898,-0.1583,-0.0767,-0.19806,-0.0442,0.68079,0.0389,0.1709
118,3.9333,-0.06658,-0.16489,-0.06836,-0.19725,-0.04215,0.68407,0.0399,0.1572
119,3.9667,-0.06242,-0.17053,-0.05985,-0.19631,-0.04013,0.68727,0.0424,0.1077
120,4.0,-0.05828,-0.17829,-0.05107,-0.19519,-0.03815,0.69016,0.0501,0.1973
121,4.0333,-0.05284,-0.18441,-0.0421,-0.19395,-0.03619,0.69298,0.0503,0.093
122,4.0667,-0.04986,-0.18991,-0.03334,-0.19264,-0.03425,0.69603,0.0535,0.1664
123,4.1,-0.04313,-0.19646,-0.02416,-0.19114,-0.03236,0.69863,0.075,0.1406
124,4.1333,-0.03862,-0.20022,-0.0152,-0.18961,-0.03049,0.7015,0.0812,0.1157
125,4.1667,-0.03261,-0.20748,-0.0061,-0.18786,-0.02868,0.70368,0.0778,0.1756
126,4.2,-0.02624,-0.21392,0.00339,-0.18601,-0.02693,0.70598,0.0785,0.1559
127,4.2333,-0.01856,-0.21893,0.01279,-0.18405,-0.0252,0.70808,0.0832,0.0602
128,4.2667,-0.01113,-0.22542,0.0221,-0.18196,-0.02354,0.71002,0.0754,0.1832
129,4.3,-0.00586,-0.23067,0.03151,-0.1798,-0.02198,0.71205,0.0576,0.2008
130,4.3333,0.00594,-0.23772,0.04111,-0.17742,-0.02039,0.71308,0.0699,0.1315
131,4.3667,0.01293,-0.24288,0.05058,-0.17506,-0.01892,0.71481,0.0606,0.2823
132,4.4,0.02123,-0.2477,0.0599,-0.17261,-0.0175,0.71626,0.0485,0.0663
133,4.4333,0.03062,-0.25382,0.06932,-0.16999,-0.01615,0.71721,0.0477,0.1483
134,4.4667,0.0396,-0.25864,0.07868,-0.16733,-0.01488,0.71826,0.0465,0.1151
135,4.5,0.04934,-0.26431,0.08795,-0.16457,-0.01366,0.719,0.0454,0.1115
136,4.5333,0.05977,-0.26919,0.09723,-0.16173,-0.01252,0.71959,0.0419,0.1062
137,4.5667,0.07022,-0.27427,0.1064,-0.1588,-0.01146,0.71995,0.0431,0.1367
138,4.6,0.08073,-0.27929,0.11547,-0.15581,-0.01047,0.72016,0.0452,0.1167
139,4.6333,0.09111,-0.28425,0.12445,-0.15275,-0.00958,0.72022,0.041,0.145
140,4.6667,0.10202,-0.28873,0.13318,-0.14966,-0.00874,0.72013,0.0423,0.0785
141,4.7,0.11331,-0.29362,0.14186,-0.14648,-0.00801,0.71973,0.0426,0.1423
142,4.7333,0.12412,-0.29749,0.1503,-0.14332,-0.00735,0.71942,0.039,0.1312
143,4.7667,0.13497,-0.30226,0.15859,-0.14005,-0.00678,0.7187,0.0379,0.133
144,4.8,0.14645,-0.30661,0.16671,-0.13676,-0.0063,0.71785,0.0383,0.1121
145,4.8333,0.15812,-0.31054,0.17465,-0.13345,-0.00589,0.71684,0.0449,0.1147
146,4.8667,0.169,-0.31464,0.18239,-0.13012,-0.00559,0.71579,0.0436,0.1603
147,4.9,0.18069,-0.31841,0.18986,-0.12675,-0.00537,0.71433,0.0438,0.1165
148,4.9333,0.19193,-0.32253,0.19701,-0.12339,-0.00522,0.71286,0.0414,0.1276
149,4.9667,0.20305,-0.32626,0.20395,-0.12002,-0.00519,0.71122,0.0393,0.1562
